x,low,med,high
0.000,0,0,0
0.001,0,0,1/999
0.002,0,0,1/500
0.003,0,0,2/667
0.004,0,0,1/250
0.005,0,0,1/200
0.006,0,1/99,3/500
0.007,0,1/99,6/857
0.008,0,1/99,1/125
0.009,0,1/99,8/889
0.010,0,1/99,1/100
0.011,0,1/91,10/909
0.012,0,1/83,3/250
0.013,0,1/77,12/923
0.014,0,1/71,7/500
0.015,0,1/67,3/200
0.016,0,1/63,2/125
0.017,0,1/59,11/647
0.018,0,1/56,9/500
0.019,0,1/53,11/579
0.020,0,1/50,1/50
0.021,0,2/95,13/619
0.022,0,2/91,11/500
0.023,0,2/87,21/913
0.024,0,2/83,3/125
0.025,0,1/40,1/40
0.026,0,2/77,13/500
0.027,0,1/37,26/963
0.028,0,2/71,7/250
0.029,0,2/69,27/931
0.030,0,2/67,3/100
0.031,0,3/97,27/871
0.032,0,3/94,4/125
0.033,0,3/91,23/697
0.034,0,3/88,17/500
0.035,0,2/57,7/200
0.036,0,3/83,9/250
0.037,0,1/27,36/973
0.038,0,3/79,19/500
0.039,0,3/77,25/641
0.040,0,1/25,1/25
0.041,0,3/73,23/561
0.042,0,4/95,21/500
0.043,0,4/93,39/907
0.044,0,4/91,11/250
0.045,0,4/89,9/200
0.046,0,4/87,23/500
0.047,0,4/85,29/617
0.048,0,4/83,6/125
0.049,0,3/61,27/551
0.050,0,1/20,1/20
0.051,0,5/98,28/549
0.052,0,4/77,13/250
0.053,0,5/94,38/717
0.054,0,2/37,27/500
0.055,0,5/91,11/200
0.056,1/9,5/89,7/125
0.057,1/9,2/35,46/807
0.058,1/9,4/69,29/500
0.059,1/9,1/17,39/661
0.060,1/9,3/50,3/50
0.061,1/9,5/82,33/541
0.062,1/9,6/97,31/500
0.063,1/9,6/95,55/873
0.064,1/9,5/78,8/125
0.065,1/9,5/77,13/200
0.066,1/9,6/91,33/500
0.067,1/9,1/15,40/597
0.068,1/9,3/44,17/250
0.069,1/9,2/29,67/971
0.070,1/9,4/57,7/100
0.071,1/9,7/99,59/831
0.072,1/9,7/97,9/125
0.073,1/9,7/96,63/863
0.074,1/9,2/27,37/500
0.075,1/9,3/40,3/40
0.076,1/9,6/79,19/250
0.077,1/9,1/13,76/987
0.078,1/9,6/77,39/500
0.079,1/9,3/38,41/519
0.080,1/9,2/25,2/25
0.081,1/9,3/37,55/679
0.082,1/9,5/61,41/500
0.083,1/9,1/12,62/747
0.084,1/9,8/95,21/250
0.085,1/9,4/47,17/200
0.086,1/9,8/93,43/500
0.087,1/9,2/23,85/977
0.088,1/9,8/91,11/125
0.089,1/9,4/45,72/809
0.090,1/9,8/89,9/100
0.091,1/9,1/11,90/989
0.092,1/9,8/87,23/250
0.093,1/9,4/43,89/957
0.094,1/9,8/85,47/500
0.095,1/9,2/21,19/200
0.096,1/9,7/73,12/125
0.097,1/9,7/72,55/567
0.098,1/9,5/51,49/500
0.099,1/9,9/91,89/899
0.100,1/9,1/10,1/10
0.101,1/9,10/99,91/901
0.102,1/9,5/49,51/500
0.103,1/9,7/68,79/767
0.104,1/9,8/77,13/125
0.105,1/9,2/19,21/200
0.106,1/9,7/66,53/500
0.107,1/9,3/28,81/757
0.108,1/9,4/37,27/250
0.109,1/9,6/55,86/789
0.110,1/9,10/91,11/100
0.111,1/9,1/9,110/991
0.112,1/9,11/98,14/125
0.113,1/9,7/62,93/823
0.114,1/9,9/79,57/500
0.115,1/9,10/87,23/200
0.116,1/9,8/69,29/250
0.117,1/9,11/94,64/547
0.118,1/9,11/93,59/500
0.119,1/8,5/42,62/521
0.120,1/8,3/25,3/25
0.121,1/8,11/91,87/719
0.122,1/8,5/41,61/500
0.123,1/8,8/65,100/813
0.124,1/8,12/97,31/250
0.125,1/8,1/8,1/8
0.126,1/8,12/95,63/500
0.127,1/8,8/63,119/937
0.128,1/8,11/86,16/125
0.129,1/8,4/31,125/969
0.130,1/8,10/77,13/100
0.131,1/8,11/84,101/771
0.132,1/8,7/53,33/250
0.133,1/8,2/15,106/797
0.134,1/7,13/97,67/500
0.135,1/7,5/37,27/200
0.136,1/7,11/81,17/125
0.137,1/7,10/73,127/927
0.138,1/7,4/29,69/500
0.139,1/7,5/36,103/741
0.140,1/7,7/50,7/50
0.141,1/7,11/78,76/539
0.142,1/7,14/99,71/500
0.143,1/7,1/7,142/993
0.144,1/7,14/97,18/125
0.145,1/7,10/69,29/200
0.146,1/7,13/89,73/500
0.147,1/7,5/34,76/517
0.148,1/7,4/27,37/250
0.149,1/7,7/47,97/651
0.150,1/7,3/20,3/20
0.151,1/7,8/53,98/649
0.152,1/7,12/79,19/125
0.153,1/7,13/85,125/817
0.154,1/7,2/13,77/500
0.155,1/6,11/71,31/200
0.156,1/6,12/77,39/250
0.157,1/6,8/51,111/707
0.158,1/6,3/19,79/500
0.159,1/6,7/44,121/761
0.160,1/6,4/25,4/25
0.161,1/6,14/87,90/559
0.162,1/6,6/37,81/500
0.163,1/6,15/92,126/773
0.164,1/6,10/61,41/250
0.165,1/6,16/97,33/200
0.166,1/6,1/6,83/500
0.167,1/6,1/6,84/503
0.168,1/6,16/95,21/125
0.169,1/6,12/71,157/929
0.170,1/6,9/53,17/100
0.171,1/6,13/76,125/731
0.172,1/6,16/93,43/250
0.173,1/6,9/52,132/763
0.174,1/6,4/23,87/500
0.175,1/6,7/40,7/40
0.176,1/6,16/91,22/125
0.177,1/6,17/96,157/887
0.178,1/6,13/73,89/500
0.179,1/6,17/95,104/581
0.180,1/6,9/50,9/50
0.181,1/6,17/94,141/779
0.182,1/6,2/11,91/500
0.183,1/6,15/82,155/847
0.184,1/5,16/87,23/125
0.185,1/5,5/27,37/200
0.186,1/5,8/43,93/500
0.187,1/5,17/91,164/877
0.188,1/5,16/85,47/250
0.189,1/5,17/90,134/709
0.190,1/5,15/79,19/100
0.191,1/5,17/89,174/911
0.192,1/5,19/99,24/125
0.193,1/5,11/57,182/943
0.194,1/5,13/67,97/500
0.195,1/5,8/41,39/200
0.196,1/5,10/51,49/250
0.197,1/5,13/66,105/533
0.198,1/5,19/96,99/500
0.199,1/5,1/5,159/799
0.200,1/5,1/5,1/5
0.201,1/5,1/5,161/801
0.202,1/5,20/99,101/500
0.203,1/5,14/69,176/867
0.204,1/5,10/49,51/250
0.205,1/5,8/39,41/200
0.206,1/5,7/34,103/500
0.207,1/5,6/29,136/657
0.208,1/5,16/77,26/125
0.209,1/5,14/67,144/689
0.210,1/5,17/81,21/100
0.211,1/5,19/90,188/891
0.212,2/9,7/33,53/250
0.213,2/9,13/61,154/723
0.214,2/9,3/14,107/500
0.215,2/9,20/93,43/200
0.216,2/9,19/88,27/125
0.217,2/9,18/83,120/553
0.218,2/9,17/78,109/500
0.219,2/9,16/73,136/621
0.220,2/9,11/50,11/50
0.221,2/9,21/95,181/819
0.222,2/9,2/9,111/500
0.223,2/9,21/94,159/713
0.224,2/9,15/67,28/125
0.225,2/9,9/40,9/40
0.226,2/9,19/84,113/500
0.227,2/9,22/97,190/837
0.228,2/9,13/57,57/250
0.229,2/9,19/83,199/869
0.230,2/9,20/87,23/100
0.231,2/9,3/13,155/671
0.232,2/9,16/69,29/125
0.233,2/9,17/73,209/897
0.234,2/9,11/47,117/500
0.235,2/9,4/17,47/200
0.236,2/9,21/89,59/250
0.237,1/4,23/97,196/827
0.238,1/4,5/21,119/500
0.239,1/4,11/46,201/841
0.240,1/4,6/25,6/25
0.241,1/4,20/83,154/639
0.242,1/4,15/62,121/500
0.243,1/4,17/70,217/893
0.244,1/4,10/41,61/250
0.245,1/4,12/49,49/200
0.246,1/4,15/61,123/500
0.247,1/4,21/85,144/583
0.248,1/4,24/97,31/125
0.249,1/4,1/4,187/751
0.250,1/4,1/4,1/4
0.251,1/4,1/4,188/749
0.252,1/4,25/99,63/250
0.253,1/4,21/83,232/917
0.254,1/4,16/63,127/500
0.255,1/4,13/51,51/200
0.256,1/4,21/82,32/125
0.257,1/4,9/35,156/607
0.258,1/4,8/31,129/500
0.259,1/4,22/85,223/861
0.260,1/4,13/50,13/50
0.261,1/4,6/23,172/659
0.262,1/4,11/42,131/500
0.263,1/4,5/19,177/673
0.264,1/4,19/72,33/125
0.265,1/4,22/83,53/200
0.266,1/4,25/94,133/500
0.267,1/4,4/15,161/603
0.268,2/7,26/97,67/250
0.269,2/7,25/93,223/829
0.270,2/7,17/63,27/100
0.271,2/7,13/48,171/631
0.272,2/7,25/92,34/125
0.273,2/7,3/11,181/663
0.274,2/7,20/73,137/500
0.275,2/7,11/40,11/40
0.276,2/7,8/29,69/250
0.277,2/7,18/65,218/787
0.278,2/7,5/18,139/500
0.279,2/7,12/43,190/681
0.280,2/7,7/25,7/25
0.281,2/7,25/89,247/879
0.282,2/7,11/39,141/500
0.283,2/7,15/53,268/947
0.284,2/7,23/81,71/250
0.285,2/7,2/7,57/200
0.286,2/7,2/7,143/500
0.287,2/7,27/94,223/777
0.288,2/7,19/66,36/125
0.289,2/7,13/45,176/609
0.290,2/7,20/69,29/100
0.291,2/7,16/55,236/811
0.292,2/7,26/89,73/250
0.293,2/7,29/99,247/843
0.294,2/7,5/17,147/500
0.295,2/7,18/61,59/200
0.296,2/7,29/98,37/125
0.297,2/7,19/64,188/633
0.298,2/7,14/47,149/500
0.299,2/7,29/97,209/699
0.300,2/7,3/10,3/10
0.301,2/7,28/93,211/701
0.302,2/7,29/96,151/500
0.303,2/7,10/33,293/967
0.304,2/7,24/79,38/125
0.305,2/7,18/59,61/200
0.306,2/7,26/85,153/500
0.307,2/7,27/88,171/557
0.308,2/7,4/13,77/250
0.309,2/7,17/55,182/589
0.310,1/3,22/71,31/100
0.311,1/3,14/45,246/791
0.312,1/3,29/93,39/125
0.313,1/3,31/99,195/623
0.314,1/3,27/86,157/500
0.315,1/3,23/73,63/200
0.316,1/3,6/19,79/250
0.317,1/3,13/41,207/653
0.318,1/3,7/22,159/500
0.319,1/3,15/47,230/721
0.320,1/3,8/25,8/25
0.321,1/3,26/81,295/919
0.322,1/3,19/59,161/500
0.323,1/3,21/65,198/613
0.324,1/3,23/71,81/250
0.325,1/3,13/40,13/40
0.326,1/3,15/46,163/500
0.327,1/3,17/52,241/737
0.328,1/3,21/64,41/125
0.329,1/3,25/76,253/769
0.330,1/3,32/97,33/100
0.331,1/3,32/97,189/571
0.332,1/3,1/3,83/250
0.333,1/3,1/3,332/997
0.334,1/3,1/3,167/500
0.335,1/3,1/3,67/200
0.336,1/3,33/98,42/125
0.337,1/3,31/92,245/727
0.338,1/3,24/71,169/500
0.339,1/3,20/59,319/941
0.340,1/3,17/50,17/50
0.341,1/3,15/44,252/739
0.342,1/3,13/38,171/500
0.343,1/3,12/35,272/793
0.344,1/3,32/93,43/125
0.345,1/3,10/29,69/200
0.346,1/3,9/26,173/500
0.347,1/3,17/49,237/683
0.348,1/3,8/23,87/250
0.349,1/3,15/43,297/851
0.350,1/3,7/20,7/20
0.351,1/3,33/94,298/849
0.352,1/3,25/71,44/125
0.353,1/3,6/17,347/983
0.354,1/3,23/65,177/500
0.355,3/8,11/31,71/200
0.356,3/8,21/59,89/250
0.357,3/8,5/14,181/507
0.358,3/8,29/81,179/500
0.359,3/8,14/39,345/961
0.360,3/8,9/25,9/25
0.361,3/8,13/36,274/759
0.362,3/8,21/58,181/500
0.363,3/8,33/91,208/573
0.364,3/8,4/11,91/250
0.365,3/8,23/63,73/200
0.366,3/8,15/41,183/500
0.367,3/8,29/79,258/703
0.368,3/8,32/87,46/125
0.369,3/8,31/84,269/729
0.370,3/8,27/73,37/100
0.371,3/8,23/62,197/531
0.372,3/8,16/43,93/250
0.373,3/8,22/59,210/563
0.374,3/8,37/99,187/500
0.375,3/8,3/8,3/8
0.376,3/8,35/93,47/125
0.377,3/8,23/61,259/687
0.378,3/8,31/82,189/500
0.379,3/8,36/95,296/781
0.380,3/8,19/50,19/50
0.381,3/8,8/21,373/979
0.382,3/8,34/89,191/500
0.383,3/8,18/47,365/953
0.384,3/8,38/99,48/125
0.385,3/8,5/13,77/200
0.386,3/8,22/57,193/500
0.387,3/8,12/31,262/677
0.388,2/5,26/67,97/250
0.389,2/5,7/18,198/509
0.390,2/5,23/59,39/100
0.391,2/5,34/87,278/711
0.392,2/5,29/74,49/125
0.393,2/5,11/28,292/743
0.394,2/5,13/33,197/500
0.395,2/5,32/81,79/200
0.396,2/5,19/48,99/250
0.397,2/5,27/68,291/733
0.398,2/5,39/98,199/500
0.399,2/5,2/5,239/599
0.400,2/5,2/5,2/5
0.401,2/5,2/5,241/601
0.402,2/5,39/97,201/500
0.403,2/5,27/67,376/933
0.404,2/5,40/99,101/250
0.405,2/5,32/79,81/200
0.406,2/5,28/69,203/500
0.407,2/5,35/86,221/543
0.408,2/5,31/76,51/125
0.409,2/5,9/22,209/511
0.410,2/5,25/61,41/100
0.411,2/5,30/73,284/691
0.412,2/5,7/17,103/250
0.413,2/5,19/46,216/523
0.414,2/5,41/99,207/500
0.415,3/7,22/53,83/200
0.416,3/7,37/89,52/125
0.417,3/7,5/12,314/753
0.418,3/7,28/67,209/500
0.419,3/7,31/74,344/821
0.420,3/7,21/50,21/50
0.421,3/7,8/19,413/981
0.422,3/7,27/64,211/500
0.423,3/7,11/26,217/513
0.424,3/7,39/92,53/125
0.425,3/7,17/40,17/40
0.426,3/7,23/54,213/500
0.427,3/7,38/89,272/637
0.428,3/7,3/7,107/250
0.429,3/7,3/7,287/669
0.430,3/7,40/93,43/100
0.431,3/7,25/58,228/529
0.432,3/7,35/81,54/125
0.433,3/7,42/97,391/903
0.434,3/7,23/53,217/500
0.435,3/7,10/23,87/200
0.436,3/7,17/39,109/250
0.437,4/9,38/87,274/627
0.438,4/9,39/89,219/500
0.439,4/9,18/41,421/959
0.440,4/9,11/25,11/25
0.441,4/9,41/93,370/839
0.442,4/9,42/95,221/500
0.443,4/9,35/79,307/693
0.444,4/9,4/9,111/250
0.445,4/9,4/9,89/200
0.446,4/9,33/74,223/500
0.447,4/9,38/85,350/783
0.448,4/9,43/96,56/125
0.449,4/9,22/49,427/951
0.450,4/9,9/20,9/20
0.451,4/9,23/51,428/949
0.452,4/9,33/73,113/250
0.453,4/9,29/64,400/883
0.454,4/9,44/97,227/500
0.455,4/9,5/11,91/200
0.456,4/9,31/68,57/125
0.457,4/9,16/35,271/593
0.458,4/9,38/83,229/500
0.459,4/9,28/61,431/939
0.460,4/9,23/50,23/50
0.461,4/9,41/89,396/859
0.462,4/9,43/93,231/500
0.463,4/9,25/54,244/527
0.464,4/9,45/97,58/125
0.465,4/9,20/43,93/200
0.466,4/9,41/88,233/500
0.467,4/9,7/15,375/803
0.468,4/9,22/47,117/250
0.469,4/9,38/81,295/629
0.470,4/9,39/83,47/100
0.471,4/9,41/87,268/569
0.472,4/9,42/89,59/125
0.473,1/2,35/74,254/537
0.474,1/2,46/97,237/500
0.475,1/2,19/40,19/40
0.476,1/2,10/21,119/250
0.477,1/2,31/65,280/587
0.478,1/2,43/90,239/500
0.479,1/2,34/71,422/881
0.480,1/2,12/25,12/25
0.481,1/2,38/79,443/921
0.482,1/2,40/83,241/500
0.483,1/2,43/89,412/853
0.484,1/2,15/31,121/250
0.485,1/2,16/33,97/200
0.486,1/2,35/72,243/500
0.487,1/2,37/76,281/577
0.488,1/2,41/84,61/125
0.489,1/2,22/45,289/591
0.490,1/2,25/51,49/100
0.491,1/2,27/55,300/611
0.492,1/2,31/63,123/250
0.493,1/2,35/71,317/643
0.494,1/2,41/83,247/500
0.495,1/2,49/99,99/200
0.496,1/2,49/99,62/125
0.497,1/2,49/99,414/833
0.498,1/2,1/2,249/500
0.499,1/2,1/2,250/501
0.500,1/2,1/2,1/2
0.501,1/2,1/2,251/501
0.502,1/2,1/2,251/500
0.503,1/2,50/99,419/833
0.504,1/2,50/99,63/125
0.505,1/2,50/99,101/200
0.506,1/2,42/83,253/500
0.507,1/2,36/71,326/643
0.508,1/2,32/63,127/250
0.509,1/2,28/55,311/611
0.510,1/2,26/51,51/100
0.511,1/2,23/45,302/591
0.512,1/2,43/84,64/125
0.513,1/2,39/76,296/577
0.514,1/2,37/72,257/500
0.515,1/2,17/33,103/200
0.516,1/2,16/31,129/250
0.517,1/2,46/89,441/853
0.518,1/2,43/83,259/500
0.519,1/2,41/79,478/921
0.520,1/2,13/25,13/25
0.521,1/2,37/71,459/881
0.522,1/2,47/90,261/500
0.523,1/2,34/65,307/587
0.524,1/2,11/21,131/250
0.525,1/2,21/40,21/40
0.526,1/2,51/97,263/500
0.527,1/2,39/74,283/537
0.528,5/9,47/89,66/125
0.529,5/9,46/87,301/569
0.530,5/9,44/83,53/100
0.531,5/9,43/81,334/629
0.532,5/9,25/47,133/250
0.533,5/9,8/15,428/803
0.534,5/9,47/88,267/500
0.535,5/9,23/43,107/200
0.536,5/9,52/97,67/125
0.537,5/9,29/54,283/527
0.538,5/9,50/93,269/500
0.539,5/9,48/89,463/859
0.540,5/9,27/50,27/50
0.541,5/9,33/61,508/939
0.542,5/9,45/83,271/500
0.543,5/9,19/35,322/593
0.544,5/9,37/68,68/125
0.545,5/9,6/11,109/200
0.546,5/9,53/97,273/500
0.547,5/9,35/64,483/883
0.548,5/9,40/73,137/250
0.549,5/9,28/51,521/949
0.550,5/9,11/20,11/20
0.551,5/9,27/49,524/951
0.552,5/9,53/96,69/125
0.553,5/9,47/85,433/783
0.554,5/9,41/74,277/500
0.555,5/9,5/9,111/200
0.556,5/9,5/9,139/250
0.557,5/9,44/79,386/693
0.558,5/9,53/95,279/500
0.559,5/9,52/93,469/839
0.560,5/9,14/25,14/25
0.561,5/9,23/41,538/959
0.562,5/9,50/89,281/500
0.563,5/9,49/87,353/627
0.564,4/7,22/39,141/250
0.565,4/7,13/23,113/200
0.566,4/7,30/53,283/500
0.567,4/7,55/97,512/903
0.568,4/7,46/81,71/125
0.569,4/7,33/58,301/529
0.570,4/7,53/93,57/100
0.571,4/7,4/7,382/669
0.572,4/7,4/7,143/250
0.573,4/7,51/89,365/637
0.574,4/7,31/54,287/500
0.575,4/7,23/40,23/40
0.576,4/7,53/92,72/125
0.577,4/7,15/26,296/513
0.578,4/7,37/64,289/500
0.579,4/7,11/19,568/981
0.580,4/7,29/50,29/50
0.581,4/7,43/74,477/821
0.582,4/7,39/67,291/500
0.583,4/7,7/12,439/753
0.584,4/7,52/89,73/125
0.585,4/7,31/53,117/200
0.586,3/5,58/99,293/500
0.587,3/5,27/46,307/523
0.588,3/5,10/17,147/250
0.589,3/5,43/73,407/691
0.590,3/5,36/61,59/100
0.591,3/5,13/22,302/511
0.592,3/5,45/76,74/125
0.593,3/5,51/86,322/543
0.594,3/5,41/69,297/500
0.595,3/5,47/79,119/200
0.596,3/5,59/99,149/250
0.597,3/5,40/67,557/933
0.598,3/5,58/97,299/500
0.599,3/5,3/5,360/601
0.600,3/5,3/5,3/5
0.601,3/5,3/5,360/599
0.602,3/5,59/98,301/500
0.603,3/5,41/68,442/733
0.604,3/5,29/48,151/250
0.605,3/5,49/81,121/200
0.606,3/5,20/33,303/500
0.607,3/5,17/28,451/743
0.608,3/5,45/74,76/125
0.609,3/5,53/87,433/711
0.610,3/5,36/59,61/100
0.611,3/5,11/18,311/509
0.612,3/5,41/67,153/250
0.613,5/8,19/31,415/677
0.614,5/8,35/57,307/500
0.615,5/8,8/13,123/200
0.616,5/8,61/99,77/125
0.617,5/8,29/47,588/953
0.618,5/8,55/89,309/500
0.619,5/8,13/21,606/979
0.620,5/8,31/50,31/50
0.621,5/8,59/95,485/781
0.622,5/8,51/82,311/500
0.623,5/8,38/61,428/687
0.624,5/8,58/93,78/125
0.625,5/8,5/8,5/8
0.626,5/8,62/99,313/500
0.627,5/8,37/59,353/563
0.628,5/8,27/43,157/250
0.629,5/8,39/62,334/531
0.630,5/8,46/73,63/100
0.631,5/8,53/84,460/729
0.632,5/8,55/87,79/125
0.633,5/8,50/79,445/703
0.634,5/8,26/41,317/500
0.635,5/8,40/63,127/200
0.636,5/8,7/11,159/250
0.637,5/8,58/91,365/573
0.638,5/8,37/58,319/500
0.639,5/8,23/36,485/759
0.640,5/8,16/25,16/25
0.641,5/8,25/39,616/961
0.642,5/8,52/81,321/500
0.643,5/8,9/14,326/507
0.644,5/8,38/59,161/250
0.645,5/8,20/31,129/200
0.646,2/3,42/65,323/500
0.647,2/3,11/17,636/983
0.648,2/3,46/71,81/125
0.649,2/3,61/94,551/849
0.650,2/3,13/20,13/20
0.651,2/3,28/43,554/851
0.652,2/3,15/23,163/250
0.653,2/3,32/49,446/683
0.654,2/3,17/26,327/500
0.655,2/3,19/29,131/200
0.656,2/3,61/93,82/125
0.657,2/3,23/35,521/793
0.658,2/3,25/38,329/500
0.659,2/3,29/44,487/739
0.660,2/3,33/50,33/50
0.661,2/3,39/59,622/941
0.662,2/3,47/71,331/500
0.663,2/3,61/92,482/727
0.664,2/3,65/98,83/125
0.665,2/3,2/3,133/200
0.666,2/3,2/3,333/500
0.667,2/3,2/3,665/997
0.668,2/3,2/3,167/250
0.669,2/3,65/97,382/571
0.670,2/3,65/97,67/100
0.671,2/3,51/76,516/769
0.672,2/3,43/64,84/125
0.673,2/3,35/52,496/737
0.674,2/3,31/46,337/500
0.675,2/3,27/40,27/40
0.676,2/3,48/71,169/250
0.677,2/3,44/65,415/613
0.678,2/3,40/59,339/500
0.679,2/3,55/81,624/919
0.680,2/3,17/25,17/25
0.681,2/3,32/47,491/721
0.682,2/3,15/22,341/500
0.683,2/3,28/41,446/653
0.684,2/3,13/19,171/250
0.685,2/3,50/73,137/200
0.686,2/3,59/86,343/500
0.687,2/3,68/99,428/623
0.688,2/3,64/93,86/125
0.689,2/3,31/45,545/791
0.690,2/3,49/71,69/100
0.691,5/7,38/55,407/589
0.692,5/7,9/13,173/250
0.693,5/7,61/88,386/557
0.694,5/7,59/85,347/500
0.695,5/7,41/59,139/200
0.696,5/7,55/79,87/125
0.697,5/7,23/33,674/967
0.698,5/7,67/96,349/500
0.699,5/7,65/93,490/701
0.700,5/7,7/10,7/10
0.701,5/7,68/97,490/699
0.702,5/7,33/47,351/500
0.703,5/7,45/64,445/633
0.704,5/7,69/98,88/125
0.705,5/7,43/61,141/200
0.706,5/7,12/17,353/500
0.707,5/7,70/99,596/843
0.708,5/7,63/89,177/250
0.709,5/7,39/55,575/811
0.710,5/7,49/69,71/100
0.711,5/7,32/45,433/609
0.712,5/7,47/66,89/125
0.713,5/7,67/94,554/777
0.714,5/7,5/7,357/500
0.715,5/7,5/7,143/200
0.716,5/7,58/81,179/250
0.717,5/7,38/53,679/947
0.718,5/7,28/39,359/500
0.719,5/7,64/89,632/879
0.720,5/7,18/25,18/25
0.721,5/7,31/43,491/681
0.722,5/7,13/18,361/500
0.723,5/7,47/65,569/787
0.724,5/7,21/29,181/250
0.725,5/7,29/40,29/40
0.726,5/7,53/73,363/500
0.727,5/7,8/11,482/663
0.728,5/7,67/92,91/125
0.729,5/7,35/48,460/631
0.730,5/7,46/63,73/100
0.731,5/7,68/93,606/829
0.732,5/7,71/97,183/250
0.733,3/4,11/15,442/603
0.734,3/4,69/94,367/500
0.735,3/4,61/83,147/200
0.736,3/4,53/72,92/125
0.737,3/4,14/19,496/673
0.738,3/4,31/42,369/500
0.739,3/4,17/23,487/659
0.740,3/4,37/50,37/50
0.741,3/4,63/85,638/861
0.742,3/4,23/31,371/500
0.743,3/4,26/35,451/607
0.744,3/4,61/82,93/125
0.745,3/4,38/51,149/200
0.746,3/4,47/63,373/500
0.747,3/4,62/83,685/917
0.748,3/4,74/99,187/250
0.749,3/4,3/4,561/749
0.750,3/4,3/4,3/4
0.751,3/4,3/4,564/751
0.752,3/4,73/97,94/125
0.753,3/4,64/85,439/583
0.754,3/4,46/61,377/500
0.755,3/4,37/49,151/200
0.756,3/4,31/41,189/250
0.757,3/4,53/70,676/893
0.758,3/4,47/62,379/500
0.759,3/4,63/83,485/639
0.760,3/4,19/25,19/25
0.761,3/4,35/46,640/841
0.762,3/4,16/21,381/500
0.763,3/4,74/97,631/827
0.764,7/9,68/89,191/250
0.765,7/9,13/17,153/200
0.766,7/9,36/47,383/500
0.767,7/9,56/73,688/897
0.768,7/9,53/69,96/125
0.769,7/9,10/13,516/671
0.770,7/9,67/87,77/100
0.771,7/9,64/83,670/869
0.772,7/9,44/57,193/250
0.773,7/9,75/97,647/837
0.774,7/9,65/84,387/500
0.775,7/9,31/40,31/40
0.776,7/9,52/67,97/125
0.777,7/9,73/94,554/713
0.778,7/9,7/9,389/500
0.779,7/9,74/95,638/819
0.780,7/9,39/50,39/50
0.781,7/9,57/73,485/621
0.782,7/9,61/78,391/500
0.783,7/9,65/83,433/553
0.784,7/9,69/88,98/125
0.785,7/9,73/93,157/200
0.786,7/9,11/14,393/500
0.787,7/9,48/61,569/723
0.788,7/9,26/33,197/250
0.789,4/5,71/90,703/891
0.790,4/5,64/81,79/100
0.791,4/5,53/67,545/689
0.792,4/5,61/77,99/125
0.793,4/5,23/29,521/657
0.794,4/5,27/34,397/500
0.795,4/5,31/39,159/200
0.796,4/5,39/49,199/250
0.797,4/5,55/69,691/867
0.798,4/5,79/99,399/500
0.799,4/5,4/5,640/801
0.800,4/5,4/5,4/5
0.801,4/5,4/5,640/799
0.802,4/5,77/96,401/500
0.803,4/5,53/66,428/533
0.804,4/5,41/51,201/250
0.805,4/5,33/41,161/200
0.806,4/5,54/67,403/500
0.807,4/5,46/57,761/943
0.808,4/5,80/99,101/125
0.809,4/5,72/89,737/911
0.810,4/5,64/79,81/100
0.811,4/5,73/90,575/709
0.812,4/5,69/85,203/250
0.813,4/5,74/91,713/877
0.814,4/5,35/43,407/500
0.815,4/5,22/27,163/200
0.816,4/5,71/87,102/125
0.817,5/6,67/82,692/847
0.818,5/6,9/11,409/500
0.819,5/6,77/94,638/779
0.820,5/6,41/50,41/50
0.821,5/6,78/95,477/581
0.822,5/6,60/73,411/500
0.823,5/6,79/96,730/887
0.824,5/6,75/91,103/125
0.825,5/6,33/40,33/40
0.826,5/6,19/23,413/500
0.827,5/6,43/52,631/763
0.828,5/6,77/93,207/250
0.829,5/6,63/76,606/731
0.830,5/6,44/53,83/100
0.831,5/6,59/71,772/929
0.832,5/6,79/95,104/125
0.833,5/6,5/6,419/503
0.834,5/6,5/6,417/500
0.835,5/6,81/97,167/200
0.836,5/6,51/61,209/250
0.837,5/6,77/92,647/773
0.838,5/6,31/37,419/500
0.839,5/6,73/87,469/559
0.840,5/6,21/25,21/25
0.841,5/6,37/44,640/761
0.842,5/6,16/19,421/500
0.843,5/6,43/51,596/707
0.844,5/6,65/77,211/250
0.845,5/6,60/71,169/200
0.846,6/7,11/13,423/500
0.847,6/7,72/85,692/817
0.848,6/7,67/79,106/125
0.849,6/7,45/53,551/649
0.850,6/7,17/20,17/20
0.851,6/7,40/47,554/651
0.852,6/7,23/27,213/250
0.853,6/7,29/34,441/517
0.854,6/7,76/89,427/500
0.855,6/7,59/69,171/200
0.856,6/7,83/97,107/125
0.857,6/7,6/7,851/993
0.858,6/7,85/99,429/500
0.859,6/7,67/78,463/539
0.860,6/7,43/50,43/50
0.861,6/7,31/36,638/741
0.862,6/7,25/29,431/500
0.863,6/7,63/73,800/927
0.864,6/7,70/81,108/125
0.865,6/7,32/37,173/200
0.866,6/7,84/97,433/500
0.867,7/8,13/15,691/797
0.868,7/8,46/53,217/250
0.869,7/8,73/84,670/771
0.870,7/8,67/77,87/100
0.871,7/8,27/31,844/969
0.872,7/8,75/86,109/125
0.873,7/8,55/63,818/937
0.874,7/8,83/95,437/500
0.875,7/8,7/8,7/8
0.876,7/8,85/97,219/250
0.877,7/8,57/65,713/813
0.878,7/8,36/41,439/500
0.879,7/8,80/91,632/719
0.880,7/8,22/25,22/25
0.881,7/8,37/42,459/521
0.882,8/9,82/93,441/500
0.883,8/9,83/94,483/547
0.884,8/9,61/69,221/250
0.885,8/9,77/87,177/200
0.886,8/9,70/79,443/500
0.887,8/9,55/62,730/823
0.888,8/9,87/98,111/125
0.889,8/9,8/9,881/991
0.890,8/9,81/91,89/100
0.891,8/9,49/55,703/789
0.892,8/9,33/37,223/250
0.893,8/9,25/28,676/757
0.894,8/9,59/66,447/500
0.895,8/9,17/19,179/200
0.896,8/9,69/77,112/125
0.897,8/9,61/68,688/767
0.898,8/9,44/49,449/500
0.899,8/9,89/99,810/901
0.900,8/9,9/10,9/10
0.901,8/9,82/91,810/899
0.902,8/9,46/51,451/500
0.903,8/9,65/72,512/567
0.904,8/9,66/73,113/125
0.905,8/9,19/21,181/200
0.906,8/9,77/85,453/500
0.907,8/9,39/43,868/957
0.908,8/9,79/87,227/250
0.909,8/9,10/11,899/989
0.910,8/9,81/89,91/100
0.911,8/9,41/45,737/809
0.912,8/9,83/91,114/125
0.913,8/9,21/23,892/977
0.914,8/9,85/93,457/500
0.915,8/9,43/47,183/200
0.916,8/9,87/95,229/250
0.917,8/9,11/12,685/747
0.918,8/9,56/61,459/500
0.919,8/9,34/37,624/679
0.920,8/9,23/25,23/25
0.921,8/9,35/38,478/519
0.922,8/9,71/77,461/500
0.923,8/9,12/13,911/987
0.924,8/9,73/79,231/250
0.925,8/9,37/40,37/40
0.926,8/9,25/27,463/500
0.927,8/9,89/96,800/863
0.928,8/9,90/97,116/125
0.929,8/9,92/99,772/831
0.930,8/9,53/57,93/100
0.931,8/9,27/29,904/971
0.932,8/9,41/44,233/250
0.933,8/9,14/15,557/597
0.934,8/9,85/91,467/500
0.935,8/9,72/77,187/200
0.936,8/9,73/78,117/125
0.937,8/9,89/95,818/873
0.938,8/9,91/97,469/500
0.939,8/9,77/82,508/541
0.940,8/9,47/50,47/50
0.941,8/9,16/17,622/661
0.942,8/9,65/69,471/500
0.943,8/9,33/35,761/807
0.944,8/9,84/89,118/125
0.945,1,86/91,189/200
0.946,1,35/37,473/500
0.947,1,89/94,679/717
0.948,1,73/77,237/250
0.949,1,93/98,521/549
0.950,1,19/20,19/20
0.951,1,58/61,524/551
0.952,1,79/83,119/125
0.953,1,81/85,588/617
0.954,1,83/87,477/500
0.955,1,85/89,191/200
0.956,1,87/91,239/250
0.957,1,89/93,868/907
0.958,1,91/95,479/500
0.959,1,70/73,538/561
0.960,1,24/25,24/25
0.961,1,74/77,616/641
0.962,1,76/79,481/500
0.963,1,26/27,937/973
0.964,1,80/83,241/250
0.965,1,55/57,193/200
0.966,1,85/88,483/500
0.967,1,88/91,674/697
0.968,1,91/94,121/125
0.969,1,94/97,844/871
0.970,1,65/67,97/100
0.971,1,67/69,904/931
0.972,1,69/71,243/250
0.973,1,36/37,937/963
0.974,1,75/77,487/500
0.975,1,39/40,39/40
0.976,1,81/83,122/125
0.977,1,85/87,892/913
0.978,1,89/91,489/500
0.979,1,93/95,606/619
0.980,1,49/50,49/50
0.981,1,52/53,568/579
0.982,1,55/56,491/500
0.983,1,58/59,636/647
0.984,1,62/63,123/125
0.985,1,66/67,197/200
0.986,1,70/71,493/500
0.987,1,76/77,911/923
0.988,1,82/83,247/250
0.989,1,90/91,899/909
0.990,1,98/99,99/100
0.991,1,98/99,881/889
0.992,1,98/99,124/125
0.993,1,98/99,851/857
0.994,1,98/99,497/500
0.995,1,1,199/200
0.996,1,1,249/250
0.997,1,1,665/667
0.998,1,1,499/500
0.999,1,1,998/999
1.000,1,1,1