num,denom,value
1,1000,0.001
1,400,0.002
1,286,0.003
1,224,0.004
1,182,0.005
1,154,0.006
1,134,0.007
1,118,0.008
1,106,0.009
1,100,0.01
2,174,0.011
2,160,0.012
2,150,0.013
2,138,0.014
2,130,0.015
2,122,0.016
2,116,0.017
2,110,0.018
2,104,0.019
2,100,0.02
3,140,0.021
3,134,0.022
3,128,0.023
3,124,0.024
3,118,0.025
3,114,0.026
3,110,0.027
3,106,0.028
3,102,0.029
3,100,0.03
4,128,0.031
4,124,0.032
4,120,0.033
4,116,0.034
4,114,0.035
4,110,0.036
4,108,0.037
4,104,0.038
4,102,0.039
4,100,0.04
5,122,0.041
5,118,0.042
5,116,0.043
5,114,0.044
5,110,0.045
5,108,0.046
5,106,0.047
5,104,0.048
5,102,0.049
5,100,0.05
6,118,0.051
6,116,0.052
6,114,0.053
6,112,0.054
6,110,0.055
6,108,0.056
6,106,0.057
6,104,0.058
6,102,0.059
6,100,0.06
7,114,0.061
7,112,0.062
8,126,0.063
7,110,0.064
7,108,0.065
7,106,0.066
7,104,0.067
8,118,0.068
7,102,0.069
7,100,0.07
8,112,0.071
10,138,0.072
8,110,0.073
8,108,0.074
8,106,0.075
9,118,0.076
8,104,0.077
8,102,0.078
9,114,0.079
8,100,0.08
10,124,0.081
9,110,0.082
9,108,0.083
13,154,0.084
9,106,0.085
10,116,0.086
9,104,0.087
9,102,0.088
10,112,0.089
9,100,0.09
10,110,0.091
11,120,0.092
10,108,0.093
10,106,0.094
11,116,0.095
10,104,0.096
12,124,0.097
10,102,0.098
14,142,0.099
10,100,0.1
14,138,0.101
11,108,0.102
12,116,0.103
11,106,0.104
12,114,0.105
11,104,0.106
12,112,0.107
11,102,0.108
12,110,0.109
11,100,0.11
12,108,0.111
13,116,0.112
12,106,0.113
13,114,0.114
12,104,0.115
13,112,0.116
14,120,0.117
12,102,0.118
14,118,0.119
12,100,0.12
14,116,0.121
18,148,0.122
13,106,0.123
21,170,0.124
13,104,0.125
22,174,0.126
13,102,0.127
19,148,0.128
15,116,0.129
13,100,0.13
16,122,0.131
14,106,0.132
16,120,0.133
15,112,0.134
14,104,0.135
15,110,0.136
14,102,0.137
16,116,0.138
15,108,0.139
14,100,0.14
18,128,0.141
15,106,0.142
16,112,0.143
15,104,0.144
16,110,0.145
19,130,0.146
15,102,0.147
16,108,0.148
17,114,0.149
15,100,0.15
16,106,0.151
17,112,0.152
18,118,0.153
16,104,0.154
17,110,0.155
19,122,0.156
16,102,0.157
18,114,0.158
20,126,0.159
16,100,0.16
18,112,0.161
21,130,0.162
17,104,0.163
18,110,0.164
26,158,0.165
48,290,0.166
17,102,0.167
31,184,0.168
20,118,0.169
17,100,0.17
24,140,0.171
20,116,0.172
18,104,0.173
23,132,0.174
20,114,0.175
18,102,0.176
22,124,0.177
21,118,0.178
19,106,0.179
18,100,0.18
21,116,0.181
20,110,0.182
19,104,0.183
21,114,0.184
20,108,0.185
19,102,0.186
25,134,0.187
21,112,0.188
20,106,0.189
19,100,0.19
21,110,0.191
20,104,0.192
22,114,0.193
21,108,0.194
23,118,0.195
20,102,0.196
24,122,0.197
21,106,0.198
27,136,0.199
20,100,0.2
27,134,0.201
21,104,0.202
24,118,0.203
22,108,0.204
23,112,0.205
21,102,0.206
24,116,0.207
22,106,0.208
23,110,0.209
21,100,0.21
24,114,0.211
22,104,0.212
23,108,0.213
24,112,0.214
28,130,0.215
22,102,0.216
23,106,0.217
24,110,0.218
25,114,0.219
22,100,0.22
23,104,0.221
24,108,0.222
25,112,0.223
26,116,0.224
23,102,0.225
24,106,0.226
25,110,0.227
26,114,0.228
27,118,0.229
23,100,0.23
24,104,0.231
26,112,0.232
27,116,0.233
29,124,0.234
24,102,0.235
25,106,0.236
27,114,0.237
29,122,0.238
32,134,0.239
24,100,0.24
26,108,0.241
29,120,0.242
33,136,0.243
38,156,0.244
25,102,0.245
28,114,0.246
36,146,0.247
50,202,0.248
83,334,0.249
25,100,0.25
84,334,0.251
51,202,0.252
37,146,0.253
29,114,0.254
26,102,0.255
40,156,0.256
35,136,0.257
31,120,0.258
28,108,0.259
26,100,0.26
35,134,0.261
32,122,0.262
30,114,0.263
28,106,0.264
27,102,0.265
33,124,0.266
31,116,0.267
30,112,0.268
28,104,0.269
27,100,0.27
32,118,0.271
31,114,0.272
30,110,0.273
29,106,0.274
28,102,0.275
32,116,0.276
31,112,0.277
30,108,0.278
29,104,0.279
28,100,0.28
32,114,0.281
31,110,0.282
30,106,0.283
29,102,0.284
37,130,0.285
32,112,0.286
31,108,0.287
30,104,0.288
33,114,0.289
29,100,0.29
32,110,0.291
31,106,0.292
34,116,0.293
30,102,0.294
33,112,0.295
32,108,0.296
35,118,0.297
31,104,0.298
40,134,0.299
30,100,0.3
41,136,0.301
32,106,0.302
37,122,0.303
31,102,0.304
36,118,0.305
33,108,0.306
35,114,0.307
32,104,0.308
34,110,0.309
31,100,0.31
33,106,0.311
35,112,0.312
42,134,0.313
32,102,0.314
34,108,0.315
36,114,0.316
33,104,0.317
35,110,0.318
37,116,0.319
32,100,0.32
34,106,0.321
38,118,0.322
40,124,0.323
33,102,0.324
37,114,0.325
43,132,0.326
34,104,0.327
38,116,0.328
46,140,0.329
33,100,0.33
39,118,0.331
61,184,0.332
34,102,0.333
97,290,0.334
53,158,0.335
37,110,0.336
35,104,0.337
44,130,0.338
38,112,0.339
34,100,0.34
43,126,0.341
39,114,0.342
35,102,0.343
42,122,0.344
38,110,0.345
36,104,0.346
41,118,0.347
39,112,0.348
37,106,0.349
35,100,0.35
40,114,0.351
38,108,0.352
36,102,0.353
46,130,0.354
39,110,0.355
37,104,0.356
40,112,0.357
38,106,0.358
46,128,0.359
36,100,0.36
39,108,0.361
42,116,0.362
37,102,0.363
40,110,0.364
38,104,0.365
41,112,0.366
44,120,0.367
39,106,0.368
45,122,0.369
37,100,0.37
43,116,0.371
55,148,0.372
38,102,0.373
65,174,0.374
39,104,0.375
64,170,0.376
40,106,0.377
56,148,0.378
44,116,0.379
38,100,0.38
45,118,0.381
39,102,0.382
46,120,0.383
43,112,0.384
40,104,0.385
44,114,0.386
41,106,0.387
45,116,0.388
42,108,0.389
39,100,0.39
43,110,0.391
40,102,0.392
44,112,0.393
41,104,0.394
45,114,0.395
42,106,0.396
46,116,0.397
43,108,0.398
55,138,0.399
40,100,0.4
57,142,0.401
41,102,0.402
50,124,0.403
42,104,0.404
47,116,0.405
43,106,0.406
44,108,0.407
49,120,0.408
45,110,0.409
41,100,0.41
46,112,0.411
42,102,0.412
43,104,0.413
48,116,0.414
44,106,0.415
64,154,0.416
45,108,0.417
46,110,0.418
52,124,0.419
42,100,0.42
48,114,0.421
43,102,0.422
44,104,0.423
50,118,0.424
45,106,0.425
46,108,0.426
47,110,0.427
59,138,0.428
48,112,0.429
43,100,0.43
44,102,0.431
51,118,0.432
45,104,0.433
46,106,0.434
47,108,0.435
48,110,0.436
55,126,0.437
49,112,0.438
50,114,0.439
44,100,0.44
45,102,0.441
46,104,0.442
47,106,0.443
48,108,0.444
49,110,0.445
50,112,0.446
51,114,0.447
52,116,0.448
53,118,0.449
45,100,0.45
46,102,0.451
47,104,0.452
48,106,0.453
49,108,0.454
50,110,0.455
52,114,0.456
53,116,0.457
54,118,0.458
56,122,0.459
46,100,0.46
47,102,0.461
48,104,0.462
50,108,0.463
51,110,0.464
53,114,0.465
54,116,0.466
56,120,0.467
58,124,0.468
60,128,0.469
47,100,0.47
48,102,0.471
50,106,0.472
52,110,0.473
54,114,0.474
56,118,0.475
59,124,0.476
61,128,0.477
64,134,0.478
67,140,0.479
48,100,0.48
50,104,0.481
53,110,0.482
56,116,0.483
59,122,0.484
63,130,0.485
67,138,0.486
73,150,0.487
78,160,0.488
85,174,0.489
49,100,0.49
52,106,0.491
58,118,0.492
66,134,0.493
76,154,0.494
90,182,0.495
111,224,0.496
142,286,0.497
199,400,0.498
333,668,0.499
50,100,0.5
335,668,0.501
201,400,0.502
144,286,0.503
113,224,0.504
92,182,0.505
78,154,0.506
68,134,0.507
60,118,0.508
54,106,0.509
51,100,0.51
89,174,0.511
82,160,0.512
77,150,0.513
71,138,0.514
67,130,0.515
63,122,0.516
60,116,0.517
57,110,0.518
54,104,0.519
52,100,0.52
73,140,0.521
70,134,0.522
67,128,0.523
65,124,0.524
62,118,0.525
60,114,0.526
58,110,0.527
56,106,0.528
54,102,0.529
53,100,0.53
68,128,0.531
66,124,0.532
64,120,0.533
62,116,0.534
61,114,0.535
59,110,0.536
58,108,0.537
56,104,0.538
55,102,0.539
54,100,0.54
66,122,0.541
64,118,0.542
63,116,0.543
62,114,0.544
60,110,0.545
59,108,0.546
58,106,0.547
57,104,0.548
56,102,0.549
55,100,0.55
65,118,0.551
64,116,0.552
63,114,0.553
62,112,0.554
61,110,0.555
60,108,0.556
59,106,0.557
58,104,0.558
57,102,0.559
56,100,0.56
64,114,0.561
63,112,0.562
71,126,0.563
62,110,0.564
61,108,0.565
60,106,0.566
59,104,0.567
67,118,0.568
58,102,0.569
57,100,0.57
64,112,0.571
79,138,0.572
63,110,0.573
62,108,0.574
61,106,0.575
68,118,0.576
60,104,0.577
59,102,0.578
66,114,0.579
58,100,0.58
72,124,0.581
64,110,0.582
63,108,0.583
90,154,0.584
62,106,0.585
68,116,0.586
61,104,0.587
60,102,0.588
66,112,0.589
59,100,0.59
65,110,0.591
71,120,0.592
64,108,0.593
63,106,0.594
69,116,0.595
62,104,0.596
74,124,0.597
61,102,0.598
85,142,0.599
60,100,0.6
83,138,0.601
65,108,0.602
70,116,0.603
64,106,0.604
69,114,0.605
63,104,0.606
68,112,0.607
62,102,0.608
67,110,0.609
61,100,0.61
66,108,0.611
71,116,0.612
65,106,0.613
70,114,0.614
64,104,0.615
69,112,0.616
74,120,0.617
63,102,0.618
73,118,0.619
62,100,0.62
72,116,0.621
92,148,0.622
66,106,0.623
106,170,0.624
65,104,0.625
109,174,0.626
64,102,0.627
93,148,0.628
73,116,0.629
63,100,0.63
77,122,0.631
67,106,0.632
76,120,0.633
71,112,0.634
66,104,0.635
70,110,0.636
65,102,0.637
74,116,0.638
69,108,0.639
64,100,0.64
82,128,0.641
68,106,0.642
72,112,0.643
67,104,0.644
71,110,0.645
84,130,0.646
66,102,0.647
70,108,0.648
74,114,0.649
65,100,0.65
69,106,0.651
73,112,0.652
77,118,0.653
68,104,0.654
72,110,0.655
80,122,0.656
67,102,0.657
75,114,0.658
83,126,0.659
66,100,0.66
74,112,0.661
86,130,0.662
69,104,0.663
73,110,0.664
105,158,0.665
193,290,0.666
68,102,0.667
123,184,0.668
79,118,0.669
67,100,0.67
94,140,0.671
78,116,0.672
70,104,0.673
89,132,0.674
77,114,0.675
69,102,0.676
84,124,0.677
80,118,0.678
72,106,0.679
68,100,0.68
79,116,0.681
75,110,0.682
71,104,0.683
78,114,0.684
74,108,0.685
70,102,0.686
92,134,0.687
77,112,0.688
73,106,0.689
69,100,0.69
76,110,0.691
72,104,0.692
79,114,0.693
75,108,0.694
82,118,0.695
71,102,0.696
85,122,0.697
74,106,0.698
95,136,0.699
70,100,0.7
94,134,0.701
73,104,0.702
83,118,0.703
76,108,0.704
79,112,0.705
72,102,0.706
82,116,0.707
75,106,0.708
78,110,0.709
71,100,0.71
81,114,0.711
74,104,0.712
77,108,0.713
80,112,0.714
93,130,0.715
73,102,0.716
76,106,0.717
79,110,0.718
82,114,0.719
72,100,0.72
75,104,0.721
78,108,0.722
81,112,0.723
84,116,0.724
74,102,0.725
77,106,0.726
80,110,0.727
83,114,0.728
86,118,0.729
73,100,0.73
76,104,0.731
82,112,0.732
85,116,0.733
91,124,0.734
75,102,0.735
78,106,0.736
84,114,0.737
90,122,0.738
99,134,0.739
74,100,0.74
80,108,0.741
89,120,0.742
101,136,0.743
116,156,0.744
76,102,0.745
85,114,0.746
109,146,0.747
151,202,0.748
250,334,0.749
75,100,0.75
251,334,0.751
152,202,0.752
110,146,0.753
86,114,0.754
77,102,0.755
118,156,0.756
103,136,0.757
91,120,0.758
82,108,0.759
76,100,0.76
102,134,0.761
93,122,0.762
87,114,0.763
81,106,0.764
78,102,0.765
95,124,0.766
89,116,0.767
86,112,0.768
80,104,0.769
77,100,0.77
91,118,0.771
88,114,0.772
85,110,0.773
82,106,0.774
79,102,0.775
90,116,0.776
87,112,0.777
84,108,0.778
81,104,0.779
78,100,0.78
89,114,0.781
86,110,0.782
83,106,0.783
80,102,0.784
102,130,0.785
88,112,0.786
85,108,0.787
82,104,0.788
90,114,0.789
79,100,0.79
87,110,0.791
84,106,0.792
92,116,0.793
81,102,0.794
89,112,0.795
86,108,0.796
94,118,0.797
83,104,0.798
107,134,0.799
80,100,0.8
109,136,0.801
85,106,0.802
98,122,0.803
82,102,0.804
95,118,0.805
87,108,0.806
92,114,0.807
84,104,0.808
89,110,0.809
81,100,0.81
86,106,0.811
91,112,0.812
109,134,0.813
83,102,0.814
88,108,0.815
93,114,0.816
85,104,0.817
90,110,0.818
95,116,0.819
82,100,0.82
87,106,0.821
97,118,0.822
102,124,0.823
84,102,0.824
94,114,0.825
109,132,0.826
86,104,0.827
96,116,0.828
116,140,0.829
83,100,0.83
98,118,0.831
153,184,0.832
85,102,0.833
242,290,0.834
132,158,0.835
92,110,0.836
87,104,0.837
109,130,0.838
94,112,0.839
84,100,0.84
106,126,0.841
96,114,0.842
86,102,0.843
103,122,0.844
93,110,0.845
88,104,0.846
100,118,0.847
95,112,0.848
90,106,0.849
85,100,0.85
97,114,0.851
92,108,0.852
87,102,0.853
111,130,0.854
94,110,0.855
89,104,0.856
96,112,0.857
91,106,0.858
110,128,0.859
86,100,0.86
93,108,0.861
100,116,0.862
88,102,0.863
95,110,0.864
90,104,0.865
97,112,0.866
104,120,0.867
92,106,0.868
106,122,0.869
87,100,0.87
101,116,0.871
129,148,0.872
89,102,0.873
152,174,0.874
91,104,0.875
149,170,0.876
93,106,0.877
130,148,0.878
102,116,0.879
88,100,0.88
104,118,0.881
90,102,0.882
106,120,0.883
99,112,0.884
92,104,0.885
101,114,0.886
94,106,0.887
103,116,0.888
96,108,0.889
89,100,0.89
98,110,0.891
91,102,0.892
100,112,0.893
93,104,0.894
102,114,0.895
95,106,0.896
104,116,0.897
97,108,0.898
124,138,0.899
90,100,0.9
128,142,0.901
92,102,0.902
112,124,0.903
94,104,0.904
105,116,0.905
96,106,0.906
98,108,0.907
109,120,0.908
100,110,0.909
91,100,0.91
102,112,0.911
93,102,0.912
95,104,0.913
106,116,0.914
97,106,0.915
141,154,0.916
99,108,0.917
101,110,0.918
114,124,0.919
92,100,0.92
105,114,0.921
94,102,0.922
96,104,0.923
109,118,0.924
98,106,0.925
100,108,0.926
102,110,0.927
128,138,0.928
104,112,0.929
93,100,0.93
95,102,0.931
110,118,0.932
97,104,0.933
99,106,0.934
101,108,0.935
103,110,0.936
118,126,0.937
105,112,0.938
107,114,0.939
94,100,0.94
96,102,0.941
98,104,0.942
100,106,0.943
102,108,0.944
104,110,0.945
106,112,0.946
108,114,0.947
110,116,0.948
112,118,0.949
95,100,0.95
97,102,0.951
99,104,0.952
101,106,0.953
103,108,0.954
105,110,0.955
109,114,0.956
111,116,0.957
113,118,0.958
117,122,0.959
96,100,0.96
98,102,0.961
100,104,0.962
104,108,0.963
106,110,0.964
110,114,0.965
112,116,0.966
116,120,0.967
120,124,0.968
124,128,0.969
97,100,0.97
99,102,0.971
103,106,0.972
107,110,0.973
111,114,0.974
115,118,0.975
121,124,0.976
125,128,0.977
131,134,0.978
137,140,0.979
98,100,0.98
102,104,0.981
108,110,0.982
114,116,0.983
120,122,0.984
128,130,0.985
136,138,0.986
148,150,0.987
158,160,0.988
172,174,0.989
99,100,0.99
105,106,0.991
117,118,0.992
133,134,0.993
153,154,0.994
181,182,0.995
223,224,0.996
285,286,0.997
399,400,0.998
667,1000,0.999
