name,coordinates,website,status,csd_type,census_div,land_area_km,population_1996,population_2001,population_2006,population_2011,population_2016,population_2021,density_1996,density_2001,density_2006,density_2011,density_2016,density_2021,pop_change_1996_2001_pct,pop_change_2001_2006_pct,pop_change_2006_2011_pct,pop_change_2011_2016_pct,pop_change_2016_2021_pct
Addington Highlands,"45, -77.25",https://addingtonhighlands.ca,lower-tier,township,Lennox and Addington,1293.99,2429,2402,2512,2517,2318,2534,1.88,1.86,1.94,1.95,1.79,1.96,-0.0111,0.0458,0.0020,-0.0791,0.0932
Adelaide Metcalfe,"42.95, -81.7",https://adelaidemetcalfe.on.ca,lower-tier,township,Middlesex,331.11,3128,3149,3135,3028,2990,3011,9.45,9.51,9.47,9.14,9.03,9.09,0.0067,-0.0044,-0.0341,-0.0125,0.0070
Adjala-Tosorontio,"44.133333, -79.933333",https://www.adjtos.ca,lower-tier,township,Simcoe,371.53,9359,10082,10695,10603,10975,10989,25.19,27.14,28.79,28.54,29.54,29.58,0.0773,0.0608,-0.0086,0.0351,0.0013
Admaston/Bromley,"45.529167, -76.896944",https://admastonbromley.com,lower-tier,township,Renfrew,519.59,2837,2824,2716,2844,2935,2995,5.46,5.44,5.23,5.47,5.65,5.76,-0.0046,-0.0382,0.0471,0.0320,0.0204
Ajax,"43.858333, -79.036389",https://www.ajax.ca,lower-tier,town,Durham,66.64,64430,73753,90167,109600,119677,126666,966.84,1106.74,1353.05,1644.66,1795.87,1900.75,0.1447,0.2226,0.2155,0.0919,0.0584
Alberton,"48.6, -93.533333",https://alberton.ca,single-tier,township,Rainy River,116.60,1027,956,958,864,969,954,8.81,8.20,8.22,7.41,8.31,8.18,-0.0691,0.0021,-0.0981,0.1215,-0.0155
Alfred and Plantagenet,"45.566667, -74.916667",https://www.alfred-plantagenet.com,lower-tier,township,Prescott and Russell,391.79,8315,8593,8654,9196,9680,9949,21.22,21.93,22.09,23.47,24.71,25.39,0.0334,0.0071,0.0626,0.0526,0.0278
Algonquin Highlands,"45.4, -78.75",https://www.algonquinhighlands.ca,lower-tier,township,Haliburton,999.69,1687,1827,1976,2186,2351,2588,1.69,1.83,1.98,2.19,2.35,2.59,0.0830,0.0816,0.1063,0.0755,0.1008
Alnwick/Haldimand,"44.083333, -78.033333",https://www.ahtwp.ca,lower-tier,township,Northumberland,398.25,5528,5846,6435,6617,6869,7473,13.88,14.68,16.16,16.62,17.25,18.76,0.0575,0.1008,0.0283,0.0381,0.0879
Amaranth,"43.983333, -80.233333",https://www.amaranth.ca,lower-tier,township,Dufferin,265.02,3450,3770,3845,3963,4079,4327,13.02,14.23,14.51,14.95,15.39,16.33,0.0928,0.0199,0.0307,0.0293,0.0608
Amherstburg,"42.1, -83.083333",https://www.amherstburg.ca,lower-tier,town,Essex,183.76,19273,20339,21748,21556,21936,23524,104.88,110.68,118.35,117.31,119.37,128.01,0.0553,0.0693,-0.0088,0.0176,0.0724
The Archipelago,"45.583333, -80.383333",https://www.thearchipelago.on.ca,single-tier,township,Parry Sound,592.14,555,505,576,566,531,979,0.94,0.85,0.97,0.96,0.90,1.65,-0.0901,0.1406,-0.0174,-0.0618,0.8437
Armour,"45.628889, -79.343889",https://www.armourtownship.ca,single-tier,township,Parry Sound,163.52,1464,1326,1249,1372,1414,1459,8.95,8.11,7.64,8.39,8.65,8.92,-0.0943,-0.0581,0.0985,0.0306,0.0318
Armstrong,"47.7111, -79.8244",https://armstrongtownship.com,single-tier,township,Timiskaming,90.16,1398,1223,1155,1216,1166,1199,15.51,13.56,12.81,13.49,12.93,13.30,-0.1252,-0.0556,0.0528,-0.0411,0.0283
Arnprior,"45.433333, -76.35",https://www.arnprior.ca,lower-tier,town,Renfrew,13.04,7113,7192,7158,8114,8795,9629,545.48,551.53,548.93,622.24,674.46,738.42,0.0111,-0.0047,0.1336,0.0839,0.0948
Arran–Elderslie,"44.4, -81.2",https://www.arran-elderslie.ca,lower-tier,municipality,Bruce,458.76,6851,6577,6747,6810,6803,6913,14.93,14.34,14.71,14.84,14.83,15.07,-0.0400,0.0258,0.0093,-0.0010,0.0162
Ashfield–Colborne–Wawanosh,"43.866667, -81.6",https://acwtownship.ca,lower-tier,township,Huron,586.88,5477,5411,5409,5582,5422,5884,9.33,9.22,9.22,9.51,9.24,10.03,-0.0121,-0.0004,0.0320,-0.0287,0.0852
Asphodel–Norwood,"44.353056, -78.018333",https://www.antownship.ca,lower-tier,township,Peterborough,161.62,4080,3985,4247,4041,4109,4658,25.24,24.66,26.28,25.00,25.42,28.82,-0.0233,0.0657,-0.0485,0.0168,0.1336
Assiginack,"45.733333, -81.8",https://www.assiginack.ca,single-tier,township,Manitoulin,224.89,926,931,914,960,1013,1008,4.12,4.14,4.06,4.27,4.50,4.48,0.0054,-0.0183,0.0503,0.0552,-0.0049
Athens,"44.625, -75.95",http://www.athenstownship.ca,lower-tier,township,Leeds and Grenville,129.54,3040,3053,3086,3118,3018,3042,23.47,23.57,23.82,24.07,23.30,23.48,0.0043,0.0108,0.0104,-0.0321,0.0080
Atikokan,"48.75, -91.616667",http://www.atikokan.ca,single-tier,town,Rainy River,313.64,4043,3632,3293,2787,2753,2642,12.89,11.58,10.50,8.89,8.78,8.42,-0.1017,-0.0933,-0.1537,-0.0122,-0.0403
Augusta,"44.7511, -75.6003",https://augusta.ca,lower-tier,township,Leeds and Grenville,313.77,7626,7635,7510,7430,7353,7386,24.30,24.33,23.93,23.68,23.43,23.54,0.0012,-0.0164,-0.0107,-0.0104,0.0045
Aurora,"44, -79.466667",https://www.aurora.ca,lower-tier,town,York,50.00,34857,40167,47629,53203,55445,62057,697.14,803.34,952.58,1064.06,1108.90,1241.14,0.1523,0.1858,0.1170,0.0421,0.1193
Aylmer,"42.766667, -80.983333",https://aylmer.ca,lower-tier,town,Elgin,6.37,7018,7126,7069,7151,7492,7699,1101.73,1118.68,1109.73,1122.61,1176.14,1208.63,0.0154,-0.0080,0.0116,0.0477,0.0276
Baldwin,"46.316667, -81.75",https://baldwin.ca,single-tier,township,Sudbury,82.49,694,624,554,551,605,579,8.41,7.56,6.72,6.68,7.33,7.02,-0.1009,-0.1122,-0.0054,0.0980,-0.0430
Bancroft,"45.05, -77.85",https://www.bancroft.ca,lower-tier,town,Hastings,227.54,4080,4089,3838,3880,3881,4065,17.93,17.97,16.87,17.05,17.06,17.86,0.0022,-0.0614,0.0109,0.0003,0.0474
Barrie,"44.371111, -79.676944",https://www.barrie.ca,single-tier,city,Simcoe,99.01,79191,103710,128430,136063,141434,147829,799.83,1047.47,1297.14,1374.23,1428.48,1493.07,0.3096,0.2384,0.0594,0.0395,0.0452
Bayham,"42.733333, -80.783333",https://www.bayham.on.ca,lower-tier,municipality,Elgin,244.60,6234,6375,6727,6989,7396,7096,25.49,26.06,27.50,28.57,30.24,29.01,0.0226,0.0552,0.0389,0.0582,-0.0406
Beckwith,"45.083333, -76.066667",https://twp.beckwith.on.ca,lower-tier,township,Lanark,239.31,5495,6046,6387,6986,7644,9021,22.96,25.26,26.69,29.19,31.94,37.70,0.1003,0.0564,0.0938,0.0942,0.1801
Belleville,"44.166667, -77.383333",https://www.belleville.ca,single-tier,city,Hastings,247.15,37083,45986,48821,49454,50716,55071,150.04,186.07,197.54,200.10,205.20,222.82,0.2401,0.0616,0.0130,0.0255,0.0859
Billings,"45.9, -82.25",https://billingstwp.ca,single-tier,township,Manitoulin,208.81,538,551,539,506,603,753,2.58,2.64,2.58,2.42,2.89,3.61,0.0242,-0.0218,-0.0612,0.1917,0.2488
Black River-Matheson,"48.533333, -80.466667",https://www.twpbrm.ca,single-tier,township,Cochrane,1161.89,3220,2912,2619,2410,2438,2572,2.77,2.51,2.25,2.07,2.10,2.21,-0.0957,-0.1006,-0.0798,0.0116,0.0550
Blandford-Blenheim,"43.233333, -80.6",http://www.twp.bla-ble.on.ca,lower-tier,township,Oxford,382.03,7455,7630,7149,7359,7399,7565,19.51,19.97,18.71,19.26,19.37,19.80,0.0235,-0.0630,0.0294,0.0054,0.0224
Blind River,"46.183333, -82.95",https://www.blindriver.ca,single-tier,town,Algoma,513.98,3152,3969,3780,3549,3472,3422,6.13,7.72,7.35,6.90,6.76,6.66,0.2592,-0.0476,-0.0611,-0.0217,-0.0144
The Blue Mountains,"44.483333, -80.383333",https://www.thebluemountains.ca,lower-tier,town,Grey,284.65,5667,6116,6825,6453,7025,9390,19.91,21.49,23.98,22.67,24.68,32.99,0.0792,0.1159,-0.0545,0.0886,0.3367
Bluewater,"43.45, -81.6",https://www.municipalityofbluewater.ca,lower-tier,municipality,Huron,416.70,6874,6919,7120,7044,7136,7540,16.50,16.60,17.09,16.90,17.13,18.09,0.0065,0.0291,-0.0107,0.0131,0.0566
Bonfield,"46.216667, -79.133333",https://bonfieldtownship.com,single-tier,township,Nipissing,206.22,1765,2064,1981,2016,1990,2146,8.56,10.01,9.61,9.78,9.65,10.41,0.1694,-0.0402,0.0177,-0.0129,0.0784
Bonnechere Valley,"45.533333, -77.1",https://www.bonnecherevalleytwp.com,lower-tier,township,Renfrew,588.36,3622,3591,3665,3763,3674,3898,6.16,6.10,6.23,6.40,6.24,6.63,-0.0086,0.0206,0.0267,-0.0237,0.0610
Bracebridge,"45.033333, -79.3",https://www.bracebridge.ca,lower-tier,town,Muskoka,615.20,13223,13751,15652,15414,16010,17305,21.49,22.35,25.44,25.06,26.02,28.13,0.0399,0.1382,-0.0152,0.0387,0.0809
Bradford West Gwillimbury,"44.133333, -79.633333",https://www.townofbwg.com,lower-tier,town,Simcoe,200.68,20213,22228,24039,28077,35325,42880,100.72,110.76,119.79,139.91,176.03,213.67,0.0997,0.0815,0.1680,0.2581,0.2139
Brampton,"43.688333, -79.760833",https://www.brampton.ca,lower-tier,city,Peel,265.89,268251,325428,433806,523906,593638,656480,1008.88,1223.92,1631.52,1970.39,2232.65,2468.99,0.2131,0.3330,0.2077,0.1331,0.1059
Brant,"43.116667, -80.366667",https://www.brant.ca,single-tier,city,Brant,817.66,29800,31669,34415,35638,35640,39474,36.45,38.73,42.09,43.59,43.59,48.28,0.0627,0.0867,0.0355,0.0001,0.1076
Brantford,"43.140833, -80.263056",https://www.brantford.ca,single-tier,city,Brant,98.65,84764,86417,90192,93650,98563,104688,859.24,876.00,914.26,949.32,999.12,1061.21,0.0195,0.0437,0.0383,0.0525,0.0621
Brethour,"47.666667, -79.566667",,single-tier,township,Timiskaming,81.97,181,157,117,129,124,105,2.21,1.92,1.43,1.57,1.51,1.28,-0.1326,-0.2548,0.1026,-0.0388,-0.1532
Brighton,"44.030833, -77.723056",https://www.brighton.ca,lower-tier,municipality,Northumberland,223.24,9022,9449,10253,10928,11844,12108,40.41,42.33,45.93,48.95,53.06,54.24,0.0473,0.0851,0.0658,0.0838,0.0223
Brock,"44.316667, -79.083333",https://www.townshipofbrock.ca,lower-tier,township,Durham,422.64,11705,12110,11979,11341,11642,12567,27.69,28.65,28.34,26.83,27.55,29.73,0.0346,-0.0108,-0.0533,0.0265,0.0795
Brockton,"44.166667, -81.216667",https://www.brockton.ca,lower-tier,municipality,Bruce,564.64,10163,9658,9641,9432,9461,9784,18.00,17.10,17.07,16.70,16.76,17.33,-0.0497,-0.0018,-0.0217,0.0031,0.0341
Brockville,"44.583333, -75.683333",https://brockville.com,single-tier,city,Leeds and Grenville,20.91,21752,21375,21957,21870,21569,22116,1040.27,1022.24,1050.07,1045.91,1031.52,1057.68,-0.0173,0.0272,-0.0040,-0.0138,0.0254
Brooke-Alvinston,"42.85, -81.916667",http://brookealvinston.com,lower-tier,municipality,Lambton,311.41,2894,2785,2661,2548,2411,2359,9.29,8.94,8.55,8.18,7.74,7.58,-0.0377,-0.0445,-0.0425,-0.0538,-0.0216
Bruce Mines,"46.283333, -83.783333",http://www.brucemines.ca,single-tier,town,Algoma,6.09,653,627,584,566,582,582,107.22,102.96,95.89,92.94,95.57,95.57,-0.0398,-0.0686,-0.0308,0.0283,0.0000
"Brudenell, Lyndoch and Raglan","45.316667, -77.4",https://blrtownship.ca,lower-tier,township,Renfrew,701.29,1611,1565,1497,1658,1503,1552,2.30,2.23,2.13,2.36,2.14,2.21,-0.0286,-0.0435,0.1075,-0.0935,0.0326
Burk's Falls,"45.616667, -79.4",https://www.burksfalls.net,single-tier,village,Parry Sound,3.09,986,940,893,967,981,957,319.09,304.21,289.00,312.94,317.48,309.71,-0.0467,-0.0500,0.0829,0.0145,-0.0245
Burlington,"43.37, -79.814167",https://www.burlington.ca,lower-tier,city,Halton,186.12,136976,150836,164415,175779,183314,186948,735.96,810.42,883.38,944.44,984.92,1004.45,0.1012,0.0900,0.0691,0.0429,0.0198
Burpee and Mills,"45.783333, -82.566667",https://www.burpeemills.com,single-tier,township,Manitoulin,217.33,368,362,329,308,343,382,1.69,1.67,1.51,1.42,1.58,1.76,-0.0163,-0.0912,-0.0638,0.1136,0.1137
Caledon,"43.866667, -79.866667",https://www.caledon.ca,lower-tier,town,Peel,688.82,39893,50595,57050,59460,66502,76581,57.91,73.45,82.82,86.32,96.54,111.18,0.2683,0.1276,0.0422,0.1184,0.1516
Callander,"46.216667, -79.366667",https://www.mycallander.ca,single-tier,municipality,Parry Sound,102.98,,,3249,3864,3863,3964,,,31.55,37.52,37.51,38.49,,,0.1893,-0.0003,0.0261
Calvin,"46.233333, -78.933333",https://calvintownship.ca,single-tier,municipality,Nipissing,140.13,562,603,608,568,516,557,4.01,4.30,4.34,4.05,3.68,3.97,0.0730,0.0083,-0.0658,-0.0915,0.0795
Cambridge,"43.397222, -80.311389",https://www.cambridge.ca,lower-tier,city,Waterloo,112.99,101429,110372,120371,126748,129920,138479,897.68,976.83,1065.32,1121.76,1149.84,1225.59,0.0882,0.0906,0.0530,0.0250,0.0659
Carleton Place,"45.133333, -76.133333",https://carletonplace.ca,lower-tier,town,Lanark,9.94,8450,9083,9453,9809,10644,12517,850.10,913.78,951.01,986.82,1070.82,1259.26,0.0749,0.0407,0.0377,0.0851,0.1760
Carling,"45.433333, -80.216667",https://carling.ca,single-tier,township,Parry Sound,244.32,952,1063,1123,1248,1125,1491,3.90,4.35,4.60,5.11,4.60,6.10,0.1166,0.0564,0.1113,-0.0986,0.3253
Carlow/Mayo,"45.133333, -77.616667",https://carlowmayo.ca,lower-tier,township,Hastings,385.32,891,833,950,892,864,953,2.31,2.16,2.47,2.31,2.24,2.47,-0.0651,0.1405,-0.0611,-0.0314,0.1030
Casey,"47.625, -79.5667",http://casey.ca,single-tier,township,Timiskaming,80.80,421,421,385,374,368,341,5.21,5.21,4.76,4.63,4.55,4.22,0.0000,-0.0855,-0.0286,-0.0160,-0.0734
Casselman,"45.3, -75.083333",https://www.casselman.ca,lower-tier,village,Prescott and Russell,5.13,2877,2910,3275,3626,3548,3960,560.82,567.25,638.40,706.82,691.62,771.93,0.0115,0.1254,0.1072,-0.0215,0.1161
Cavan Monaghan,"44.2, -78.466667",https://www.cavanmonaghan.net,lower-tier,township,Peterborough,306.39,8252,8453,8828,8601,8829,10016,26.93,27.59,28.81,28.07,28.82,32.69,0.0244,0.0444,-0.0257,0.0265,0.1344
Central Elgin,"42.766667, -81.1",https://www.centralelgin.org,lower-tier,municipality,Elgin,279.87,12156,12360,12723,12743,12607,13746,43.43,44.16,45.46,45.53,45.05,49.12,0.0168,0.0294,0.0016,-0.0107,0.0903
Central Frontenac,"44.7167, -76.8",https://www.centralfrontenac.com,lower-tier,township,Frontenac,991.41,4615,4557,4665,4556,4373,4892,4.65,4.60,4.71,4.60,4.41,4.93,-0.0126,0.0237,-0.0234,-0.0402,0.1187
Central Huron,"43.63, -81.57",https://www.centralhuron.ca,lower-tier,municipality,Huron,449.43,7862,7806,7641,7586,7576,7799,17.49,17.37,17.00,16.88,16.86,17.35,-0.0071,-0.0211,-0.0072,-0.0013,0.0294
Central Manitoulin,"45.716667, -82.2",https://www.centralmanitoulin.ca,single-tier,municipality,Manitoulin,427.61,1794,1907,1944,1958,2084,2235,4.20,4.46,4.55,4.58,4.87,5.23,0.0630,0.0194,0.0072,0.0644,0.0725
Centre Hastings,"44.4167, -77.4417",https://www.centrehastings.com,lower-tier,municipality,Hastings,222.79,4103,4226,4386,4574,4774,4801,18.42,18.97,19.69,20.53,21.43,21.55,0.0300,0.0379,0.0429,0.0437,0.0057
Centre Wellington,"43.7, -80.366667",https://www.centrewellington.ca,lower-tier,township,Wellington,409.41,21786,24260,26049,26693,28191,31093,53.21,59.26,63.63,65.20,68.86,75.95,0.1136,0.0737,0.0247,0.0561,0.1029
Chamberlain,"47.8833, -79.9333",http://www.chamberlaintownship.com,single-tier,township,Timiskaming,110.81,361,348,322,297,332,311,3.26,3.14,2.91,2.68,3.00,2.81,-0.0360,-0.0747,-0.0776,0.1178,-0.0633
Champlain,"45.533333, -74.65",https://www.champlain.ca,lower-tier,township,Prescott and Russell,207.02,8375,8591,8683,8573,8706,8665,40.46,41.50,41.94,41.41,42.05,41.86,0.0258,0.0107,-0.0127,0.0155,-0.0047
Chapleau,"47.843889, -83.400278",https://chapleau.ca,single-tier,township,Sudbury,13.20,2934,2832,2354,2116,1964,1942,222.27,214.55,178.33,160.30,148.79,147.12,-0.0348,-0.1688,-0.1011,-0.0718,-0.0112
Chapple,"48.7425, -93.994722",https://chapple.on.ca,single-tier,township,Rainy River,558.15,909,910,856,741,643,763,1.63,1.63,1.53,1.33,1.15,1.37,0.0011,-0.0593,-0.1343,-0.1323,0.1866
Charlton and Dack,"47.8083, -80",http://www.charltonanddack.com,single-tier,municipality,Timiskaming,92.74,775,702,613,671,686,686,8.36,7.57,6.61,7.24,7.40,7.40,-0.0942,-0.1268,0.0946,0.0224,0.0000
Chatham-Kent,"42.4, -82.183333",https://www.chatham-kent.ca,single-tier,municipality,Chatham-Kent,2451.90,109350,107341,108177,103671,101647,103988,44.60,43.78,44.12,42.28,41.46,42.41,-0.0184,0.0078,-0.0417,-0.0195,0.0230
Chatsworth,"44.3817, -80.8883",https://chatsworth.ca,lower-tier,township,Grey,594.44,6278,6280,6392,6437,6630,7080,10.56,10.56,10.75,10.83,11.15,11.91,0.0003,0.0178,0.0070,0.0300,0.0679
Chisholm,"46.1, -79.233333",https://chisholm.ca,single-tier,township,Nipissing,205.77,1197,1230,1318,1263,1291,1312,5.82,5.98,6.41,6.14,6.27,6.38,0.0276,0.0715,-0.0417,0.0222,0.0163
Clarence-Rockland,"45.4881, -75.215",https://www.clarence-rockland.com,lower-tier,city,Prescott and Russell,297.47,18633,19612,20790,23185,24512,26505,62.64,65.93,69.89,77.94,82.40,89.10,0.0525,0.0601,0.1152,0.0572,0.0813
Clarington,"43.994722, -78.675",https://www.clarington.net,lower-tier,municipality,Durham,610.84,60615,69834,77820,84548,92013,101427,99.23,114.32,127.40,138.41,150.63,166.05,0.1521,0.1144,0.0865,0.0883,0.1023
Clearview,"44.398056, -80.074167",https://www.clearview.ca,lower-tier,township,Simcoe,556.37,12407,13796,14088,13734,14151,14814,22.30,24.80,25.32,24.69,25.43,26.63,0.1120,0.0212,-0.0251,0.0304,0.0469
Cobalt,"47.4, -79.683333",https://cobalt.ca,single-tier,town,Timiskaming,2.07,1401,1229,1224,1133,1128,989,676.81,593.72,591.30,547.34,544.93,477.78,-0.1228,-0.0041,-0.0743,-0.0044,-0.1232
Cobourg,"43.966667, -78.166667",https://www.cobourg.ca,lower-tier,town,Northumberland,22.41,16185,17172,18210,18519,19440,20519,722.22,766.27,812.58,826.37,867.47,915.62,0.0610,0.0604,0.0170,0.0497,0.0555
Cochrane,"49.070556, -81.020556",https://cochraneontario.com,single-tier,town,Cochrane,537.90,5535,5690,5487,5340,5321,5390,10.29,10.58,10.20,9.93,9.89,10.02,0.0280,-0.0357,-0.0268,-0.0036,0.0130
Cockburn Island,"45.920556, -83.373611",https://cockburnisland.ca,single-tier,township,Manitoulin,168.90,2,0,10,0,0,16,0.01,0.00,0.06,0.00,0.00,0.09,,,,,
Coleman,"47.3675, -79.7594",https://www.colemantownship.ca,single-tier,township,Timiskaming,177.95,499,550,540,597,595,517,2.80,3.09,3.03,3.35,3.34,2.91,0.1022,-0.0182,0.1056,-0.0034,-0.1311
Collingwood,"44.5, -80.216667",https://www.collingwood.ca,lower-tier,town,Simcoe,33.15,15596,16039,17290,19241,21793,24811,470.47,483.83,521.57,580.42,657.41,748.45,0.0284,0.0780,0.1128,0.1326,0.1385
Conmee,"48.466667, -89.666667",https://conmee.com,single-tier,township,Thunder Bay,167.65,729,748,740,764,819,798,4.35,4.46,4.41,4.56,4.89,4.76,0.0261,-0.0107,0.0324,0.0720,-0.0256
Cornwall,"45.0275, -74.74",https://www.cornwall.ca,single-tier,city,"Stormont, Dundas and Glengarry",61.50,47403,45640,45965,46340,46589,47845,770.78,742.11,747.40,753.50,757.54,777.97,-0.0372,0.0071,0.0082,0.0054,0.0270
Cramahe,"44.083333, -77.883333",https://www.visitcramahe.ca,lower-tier,township,Northumberland,202.22,5474,5713,5950,6073,6355,6509,27.07,28.25,29.42,30.03,31.43,32.19,0.0437,0.0415,0.0207,0.0464,0.0242
Dawn-Euphemia,"42.7, -82.016667",https://dawneuphemia.ca,lower-tier,township,Lambton,445.14,2577,2396,2190,2049,1967,1968,5.79,5.38,4.92,4.60,4.42,4.42,-0.0702,-0.0860,-0.0644,-0.0400,0.0005
Dawson,"48.75, -94.483333",,single-tier,township,Rainy River,343.42,631,613,620,563,468,399,1.84,1.78,1.81,1.64,1.36,1.16,-0.0285,0.0114,-0.0919,-0.1687,-0.1474
Deep River,"46.1, -77.491667",http://www.deepriver.ca,lower-tier,town,Renfrew,50.27,4491,4135,4216,4193,4109,4175,89.34,82.26,83.87,83.41,81.74,83.05,-0.0793,0.0196,-0.0055,-0.0200,0.0161
Deseronto,"44.2, -77.05",https://www.deseronto.ca,lower-tier,town,Hastings,2.52,1811,1796,1824,1835,1774,1747,718.65,712.70,723.81,728.17,703.97,693.25,-0.0083,0.0156,0.0060,-0.0332,-0.0152
Dorion,"48.783333, -88.6",https://doriontownship.ca,single-tier,township,Thunder Bay,211.25,472,442,379,338,316,375,2.23,2.09,1.79,1.60,1.50,1.78,-0.0636,-0.1425,-0.1082,-0.0651,0.1867
Douro-Dummer,"44.45, -78.1",https://www.dourodummer.ca,lower-tier,township,Peterborough,459.46,6724,6652,6954,6805,6709,7632,14.63,14.48,15.14,14.81,14.60,16.61,-0.0107,0.0454,-0.0214,-0.0141,0.1376
Drummond/North Elmsley,"44.966667, -76.2",https://www.dnetownship.ca,lower-tier,township,Lanark,365.67,6187,6670,7118,7487,7773,8183,16.92,18.24,19.47,20.47,21.26,22.38,0.0781,0.0672,0.0518,0.0382,0.0527
Dryden,"49.783333, -92.833333",https://www.dryden.ca,single-tier,city,Kenora,65.58,6711,8198,8195,7617,7749,7388,102.33,125.01,124.96,116.15,118.16,112.66,0.2216,-0.0004,-0.0705,0.0173,-0.0466
Dubreuilville,"48.35, -84.55",https://dubreuilville.ca,single-tier,township,Algoma,87.53,990,967,773,635,613,576,11.31,11.05,8.83,7.25,7.00,6.58,-0.0232,-0.2006,-0.1785,-0.0346,-0.0604
Dutton/Dunwich,"42.666667, -81.5",https://www.duttondunwich.on.ca,lower-tier,municipality,Elgin,294.38,3603,3696,3821,3876,3866,4152,12.24,12.56,12.98,13.17,13.13,14.10,0.0258,0.0338,0.0144,-0.0026,0.0740
"Dysart, Dudley, Harcourt, Guilford, Harburn, Bruton, Havelock, Eyre and Clyde","45.2, -78.416667",https://www.dysartetal.ca,lower-tier,municipality,Haliburton,1474.22,5380,4924,5526,5966,6280,7182,3.65,3.34,3.75,4.05,4.26,4.87,-0.0848,0.1223,0.0796,0.0526,0.1436
Ear Falls,"50.633333, -93.216667",https://ear-falls.com,single-tier,township,Kenora,336.69,1170,1150,1153,1026,995,924,3.48,3.42,3.42,3.05,2.96,2.74,-0.0171,0.0026,-0.1101,-0.0302,-0.0714
East Ferris,"46.266667, -79.3",https://eastferris.ca,single-tier,municipality,Nipissing,151.94,4139,4291,4228,4766,4862,4946,27.24,28.24,27.83,31.37,32.00,32.55,0.0367,-0.0147,0.1272,0.0201,0.0173
East Garafraxa,"43.85, -80.25",https://www.eastgarafraxa.ca,lower-tier,township,Dufferin,166.50,2084,2214,2389,2595,2579,2794,12.52,13.30,14.35,15.59,15.49,16.78,0.0624,0.0790,0.0862,-0.0062,0.0834
East Gwillimbury,"44.133333, -79.416667",https://www.eastgwillimbury.ca,lower-tier,town,York,244.91,19770,20555,21069,22473,23991,34637,80.72,83.93,86.03,91.76,97.96,141.43,0.0397,0.0250,0.0666,0.0675,0.4437
East Hawkesbury,"45.5039, -74.5",https://www.easthawkesbury.ca,lower-tier,township,Prescott and Russell,235.06,3296,3415,3368,3335,3296,3418,14.02,14.53,14.33,14.19,14.02,14.54,0.0361,-0.0138,-0.0098,-0.0117,0.0370
East Zorra-Tavistock,"43.233333, -80.783333",https://www.ezt.ca,lower-tier,township,Oxford,241.96,7348,7238,7008,6836,7113,7841,30.37,29.91,28.96,28.25,29.40,32.41,-0.0150,-0.0318,-0.0245,0.0405,0.1023
Edwardsburgh/Cardinal,"44.833333, -75.5",https://www.twpec.ca,lower-tier,township,Leeds and Grenville,309.91,6715,6674,6689,6959,7074,7505,21.67,21.54,21.58,22.45,22.83,24.22,-0.0061,0.0022,0.0404,0.0165,0.0609
Elizabethtown-Kitley,"44.7, -75.883333",https://ektwp.ca,lower-tier,township,Leeds and Grenville,555.96,10222,10039,10201,9724,9631,9545,18.39,18.06,18.35,17.49,17.32,17.17,-0.0179,0.0161,-0.0468,-0.0096,-0.0089
Elliot Lake,"46.383333, -82.65",https://www.elliotlake.ca,single-tier,city,Algoma,696.06,13588,11956,11549,11348,10741,11372,19.52,17.18,16.59,16.30,15.43,16.34,-0.1201,-0.0340,-0.0174,-0.0535,0.0587
Emo,"48.633333, -93.833333",https://emo.ca,single-tier,township,Rainy River,202.28,1366,1331,1305,1252,1333,1204,6.75,6.58,6.45,6.19,6.59,5.95,-0.0256,-0.0195,-0.0406,0.0647,-0.0968
Englehart,"47.816667, -79.866667",https://www.englehart.ca,single-tier,town,Timiskaming,2.92,1703,1595,1494,1519,1479,1442,583.22,546.23,511.64,520.21,506.51,493.84,-0.0634,-0.0633,0.0167,-0.0263,-0.0250
Enniskillen,"42.816667, -82.125",https://www.enniskillen.ca,lower-tier,township,Lambton,338.05,3288,3259,3122,2930,2796,2825,9.73,9.64,9.24,8.67,8.27,8.36,-0.0088,-0.0420,-0.0615,-0.0457,0.0104
Erin,"43.766667, -80.066667",https://www.erin.ca,lower-tier,town,Wellington,298.81,10657,10657,11148,10770,11439,11981,35.66,35.66,37.31,36.04,38.28,40.10,0.0000,0.0461,-0.0339,0.0621,0.0474
Espanola,"46.25, -81.766667",https://www.espanola.ca,single-tier,town,Sudbury,81.00,5454,5449,5314,5364,5048,5185,67.33,67.27,65.60,66.22,62.32,64.01,-0.0009,-0.0248,0.0094,-0.0589,0.0271
Essa,"44.25, -79.783333",https://www.essatownship.on.ca,lower-tier,township,Simcoe,279.92,16363,16808,16901,18505,21083,22970,58.46,60.05,60.38,66.11,75.32,82.06,0.0272,0.0055,0.0949,0.1393,0.0895
Essex,"42.083333, -82.9",https://www.essex.ca,lower-tier,town,Essex,277.53,19437,20085,20032,19600,20427,21216,70.04,72.37,72.18,70.62,73.60,76.45,0.0333,-0.0026,-0.0216,0.0422,0.0386
Evanturel,"47.7833, -79.825",https://evanturel.com,single-tier,township,Timiskaming,89.21,493,506,473,452,449,502,5.53,5.67,5.30,5.07,5.03,5.63,0.0264,-0.0652,-0.0444,-0.0066,0.1180
Faraday,"45, -77.916667",https://www.faraday.ca,lower-tier,township,Hastings,217.44,1638,1581,1578,1468,1401,1612,7.53,7.27,7.26,6.75,6.44,7.41,-0.0348,-0.0019,-0.0697,-0.0456,0.1506
Fauquier-Strickland,"49.276389, -82.037222",https://www.fauquierstrickland.com,single-tier,township,Cochrane,1010.45,684,678,568,530,536,467,0.68,0.67,0.56,0.52,0.53,0.46,-0.0088,-0.1622,-0.0669,0.0113,-0.1287
Fort Erie,"42.916667, -79.016667",http://www.forterie.ca,lower-tier,town,Niagara,166.24,27183,28143,29925,29960,30710,32901,163.52,169.29,180.01,180.22,184.73,197.91,0.0353,0.0633,0.0012,0.0250,0.0713
Fort Frances,"48.616667, -93.4",https://fort-frances.com,single-tier,town,Rainy River,25.55,8790,8315,8103,7952,7739,7466,344.03,325.44,317.14,311.23,302.90,292.21,-0.0540,-0.0255,-0.0186,-0.0268,-0.0353
French River,"46.166667, -80.5",https://www.frenchriver.ca,single-tier,municipality,Sudbury,717.91,2847,2810,2659,2442,2662,2828,3.97,3.91,3.70,3.40,3.71,3.94,-0.0130,-0.0537,-0.0816,0.0901,0.0624
Front of Yonge,"44.533333, -75.866667",https://mallorytown.ca,lower-tier,township,Leeds and Grenville,125.25,2530,2639,2803,2752,2602,2595,20.20,21.07,22.38,21.97,20.77,20.72,0.0431,0.0621,-0.0182,-0.0545,-0.0027
Frontenac Islands,"44.2, -76.383333",https://www.frontenacislands.ca,lower-tier,township,Frontenac,176.82,1661,1638,1862,1864,1760,1930,9.39,9.26,10.53,10.54,9.95,10.92,-0.0138,0.1368,0.0011,-0.0558,0.0966
Gananoque,"44.33, -76.17",https://www.gananoque.ca,single-tier,town,Leeds and Grenville,7.01,5219,5167,5285,5194,5159,5383,744.51,737.09,753.92,740.94,735.95,767.90,-0.0100,0.0228,-0.0172,-0.0067,0.0434
Gauthier,"48.1458, -79.8225",,single-tier,township,Timiskaming,87.98,152,128,133,123,138,151,1.73,1.45,1.51,1.40,1.57,1.72,-0.1579,0.0391,-0.0752,0.1220,0.0942
Georgian Bay,"44.983333, -79.816667",https://www.gbtownship.ca,lower-tier,township,Muskoka,525.29,2230,1991,2340,2482,2514,3441,4.25,3.79,4.45,4.73,4.79,6.55,-0.1072,0.1753,0.0607,0.0129,0.3687
Georgian Bluffs,"44.65, -81.033333",http://www.georgianbluffs.on.ca,lower-tier,township,Grey,599.96,10256,10152,10506,10404,10479,11100,17.09,16.92,17.51,17.34,17.47,18.50,-0.0101,0.0349,-0.0097,0.0072,0.0593
Georgina,"44.3, -79.433333",https://www.georgina.ca,lower-tier,town,York,287.69,34777,39263,42346,43517,45418,47642,120.88,136.48,147.19,151.26,157.87,165.60,0.1290,0.0785,0.0277,0.0437,0.0490
Gillies,"48.266667, -89.7",https://www.gilliestownship.com,single-tier,township,Thunder Bay,92.68,497,522,544,473,474,441,5.36,5.63,5.87,5.10,5.11,4.76,0.0503,0.0421,-0.1305,0.0021,-0.0696
Goderich,"43.733333, -81.7",https://www.goderich.ca,lower-tier,town,Huron,8.54,7553,7604,7563,7526,7628,7881,884.43,890.40,885.60,881.26,893.21,922.83,0.0068,-0.0054,-0.0049,0.0136,0.0332
Gordon/Barrie Island,"45.9, -82.633333",http://gordonbarrieisland.ca,single-tier,municipality,Manitoulin,263.44,530,523,459,526,490,613,2.01,1.99,1.74,2.00,1.86,2.33,-0.0132,-0.1224,0.1460,-0.0684,0.2510
Gore Bay,"45.916667, -82.466667",http://www.gorebay.ca,single-tier,town,Manitoulin,5.14,907,898,924,850,867,808,176.46,174.71,179.77,165.37,168.68,157.20,-0.0099,0.0290,-0.0801,0.0200,-0.0681
Grand Valley,"43.95, -80.366667",https://www.townofgrandvalley.ca,lower-tier,town,Dufferin,158.60,2773,2842,2844,2726,2956,3851,17.48,17.92,17.93,17.19,18.64,24.28,0.0249,0.0007,-0.0415,0.0844,0.3028
Gravenhurst,"44.916667, -79.366667",https://www.gravenhurst.ca,lower-tier,town,Muskoka,489.11,10030,10899,11046,12055,12311,13157,20.51,22.28,22.58,24.65,25.17,26.90,0.0866,0.0135,0.0913,0.0212,0.0687
Greater Madawaska,"45.272222, -76.858889",https://www.greatermadawaska.com,lower-tier,township,Renfrew,1018.15,2033,2290,2751,2485,2518,2864,2.00,2.25,2.70,2.44,2.47,2.81,0.1264,0.2013,-0.0967,0.0133,0.1374
Greater Napanee,"44.25, -76.95",https://www.greaternapanee.com,lower-tier,town,Lennox and Addington,462.30,14944,15132,15400,15511,15892,16879,32.33,32.73,33.31,33.55,34.38,36.51,0.0126,0.0177,0.0072,0.0246,0.0621
Greater Sudbury,"46.577778, -81.069444",https://www.greatersudbury.ca,single-tier,city,Greater Sudbury,3186.26,165336,155219,157857,160274,161531,166004,51.89,48.72,49.54,50.30,50.70,52.10,-0.0612,0.0170,0.0153,0.0078,0.0277
Greenstone,"49.725194, -86.951389",https://www.greenstone.ca,single-tier,municipality,Thunder Bay,2727.04,6530,5901,4886,4724,4636,4309,2.39,2.16,1.79,1.73,1.70,1.58,-0.0963,-0.1720,-0.0332,-0.0186,-0.0705
Grey Highlands,"44.333333, -80.5",https://www.greyhighlands.ca,lower-tier,municipality,Grey,879.03,8620,9196,9480,9520,9804,10424,9.81,10.46,10.78,10.83,11.15,11.86,0.0668,0.0309,0.0042,0.0298,0.0632
Grimsby,"43.2, -79.55",https://www.grimsby.ca,lower-tier,town,Niagara,68.71,19585,21297,23937,25325,27314,28883,285.04,309.95,348.38,368.58,397.53,420.36,0.0874,0.1240,0.0580,0.0785,0.0574
Guelph,"43.535833, -80.228889",https://guelph.ca,single-tier,city,Wellington,87.43,95821,106170,114943,121688,131794,143740,1095.97,1214.34,1314.69,1391.83,1507.42,1644.06,0.1080,0.0826,0.0587,0.0830,0.0906
Guelph/Eramosa,"43.63, -80.22",https://www.get.on.ca,lower-tier,township,Wellington,292.84,10176,11174,12066,12380,12854,13904,34.75,38.16,41.20,42.28,43.89,47.48,0.0981,0.0798,0.0260,0.0383,0.0817
Haldimand,"42.933333, -79.883333",https://www.haldimandcounty.ca,single-tier,city,Haldimand-Norfolk,1250.45,42041,43728,45212,44876,45608,49216,33.62,34.97,36.16,35.89,36.47,39.36,0.0401,0.0339,-0.0074,0.0163,0.0791
Halton Hills,"43.626944, -79.951389",https://www.haltonhills.ca,lower-tier,town,Halton,276.81,42390,48184,55289,59013,61161,62951,153.14,174.07,199.74,213.19,220.95,227.42,0.1367,0.1475,0.0674,0.0364,0.0293
Hamilton,"44.05, -78.216667",https://www.hamiltontownship.ca,lower-tier,township,Northumberland,256.03,10140,10785,10972,10702,10942,11059,39.60,42.12,42.85,41.80,42.74,43.19,0.0636,0.0173,-0.0246,0.0224,0.0107
Hamilton,"43.256667, -79.869167",https://www.hamilton.ca,single-tier,city,Hamilton,1118.31,467799,490268,504559,519949,536917,569353,418.31,438.40,451.18,464.94,480.11,509.12,0.0480,0.0291,0.0305,0.0326,0.0604
Hanover,"44.15, -81.033333",https://www.hanover.ca,lower-tier,town,Grey,9.78,6844,6869,7147,7490,7688,7967,699.80,702.35,730.78,765.85,786.09,814.62,0.0037,0.0405,0.0480,0.0264,0.0363
Harley,"47.62, -79.7",http://harley.ca,single-tier,township,Timiskaming,92.34,608,557,551,539,551,524,6.58,6.03,5.97,5.84,5.97,5.67,-0.0839,-0.0108,-0.0218,0.0223,-0.0490
Harris,"47.566667, -79.566667",https://harristownship.weebly.com,single-tier,township,Timiskaming,49.81,553,518,512,523,545,530,11.10,10.40,10.28,10.50,10.94,10.64,-0.0633,-0.0116,0.0215,0.0421,-0.0275
Hastings Highlands,"45.233333, -77.933333",https://hastingshighlands.ca,lower-tier,municipality,Hastings,966.58,3829,3992,4033,4168,4078,4385,3.96,4.13,4.17,4.31,4.22,4.54,0.0426,0.0103,0.0335,-0.0216,0.0753
Havelock-Belmont-Methuen,"44.566667, -77.9",https://www.hbmtwp.ca,lower-tier,township,Peterborough,529.35,4327,4479,4637,4523,4530,5083,8.17,8.46,8.76,8.54,8.56,9.60,0.0351,0.0353,-0.0246,0.0015,0.1221
Hawkesbury,"45.6083, -74.6017",https://www.hawkesbury.ca,lower-tier,town,Prescott and Russell,10.10,10162,10314,10869,10551,10263,10194,1006.14,1021.19,1076.14,1044.65,1016.14,1009.31,0.0150,0.0538,-0.0293,-0.0273,-0.0067
"Head, Clara and Maria","46.166667, -78",https://www.townshipsofheadclaramaria.ca,lower-tier,township,Renfrew,719.20,294,228,228,235,248,267,0.41,0.32,0.32,0.33,0.34,0.37,-0.2245,0.0000,0.0307,0.0553,0.0766
Hearst,"49.686944, -83.654444",http://www.hearst.ca,single-tier,town,Cochrane,98.06,6049,5825,5620,5090,5070,4794,61.69,59.40,57.31,51.91,51.70,48.89,-0.0370,-0.0352,-0.0943,-0.0039,-0.0544
Highlands East,"44.966667, -78.25",https://www.highlandseast.ca,lower-tier,municipality,Haliburton,688.18,2918,3022,3089,3249,3343,3830,4.24,4.39,4.49,4.72,4.86,5.57,0.0356,0.0222,0.0518,0.0289,0.1457
Hilliard,"47.725, -79.7",https://townshipofhilliard.ca,single-tier,township,Timiskaming,91.27,253,241,222,204,207,215,2.77,2.64,2.43,2.24,2.27,2.36,-0.0474,-0.0788,-0.0811,0.0147,0.0386
Hilton,"46.216667, -83.883333",https://www.hiltontownship.ca,single-tier,township,Algoma,114.77,255,258,172,261,307,382,2.22,2.25,1.50,2.27,2.67,3.33,0.0118,-0.3333,0.5174,0.1762,0.2443
Hilton Beach,"46.25, -83.883333",https://hiltonbeach.com,single-tier,village,Algoma,2.52,213,174,243,145,171,198,84.52,69.05,96.43,57.54,67.86,78.57,-0.1831,0.3966,-0.4033,0.1793,0.1579
Hornepayne,"49.216667, -84.783333",https://www.townshipofhornepayne.ca,single-tier,township,Algoma,203.04,1480,1362,1209,1050,980,968,7.29,6.71,5.95,5.17,4.83,4.77,-0.0797,-0.1123,-0.1315,-0.0667,-0.0122
Horton,"45.5, -76.666667",https://www.hortontownship.ca,lower-tier,township,Renfrew,158.02,2515,2567,2803,2719,2887,3182,15.92,16.24,17.74,17.21,18.27,20.14,0.0207,0.0919,-0.0300,0.0618,0.1022
Howick,"43.9, -81.07",http://www.town.howick.on.ca,lower-tier,township,Huron,286.55,3685,3779,3882,3856,3873,4045,12.86,13.19,13.55,13.46,13.52,14.12,0.0255,0.0273,-0.0067,0.0044,0.0444
Hudson,"47.5372, -79.8242",http://hudson.ca,single-tier,township,Timiskaming,90.28,501,490,455,476,503,530,5.55,5.43,5.04,5.27,5.57,5.87,-0.0220,-0.0714,0.0462,0.0567,0.0537
Huntsville,"45.333333, -79.216667",http://www.town.huntsville.on.ca,lower-tier,town,Muskoka,705.18,15918,17338,18280,19056,19816,21147,22.57,24.59,25.92,27.02,28.10,29.99,0.0892,0.0543,0.0425,0.0399,0.0672
Huron East,"43.63, -81.28",https://www.huroneast.com,lower-tier,municipality,Huron,669.15,9937,9680,9310,9264,9138,9512,14.85,14.47,13.91,13.84,13.66,14.22,-0.0259,-0.0382,-0.0049,-0.0136,0.0409
Huron Shores,"46.283333, -83.2",https://huronshores.ca,single-tier,municipality,Algoma,451.87,1877,1794,1696,1723,1664,1860,4.15,3.97,3.75,3.81,3.68,4.12,-0.0442,-0.0546,0.0159,-0.0342,0.1178
Huron-Kinloss,"44.05, -81.533333",https://www.huronkinloss.com,lower-tier,township,Bruce,440.73,6284,6224,6515,6790,7069,7723,14.26,14.12,14.78,15.41,16.04,17.52,-0.0095,0.0468,0.0422,0.0411,0.0925
Ignace,"49.416667, -91.666667",https://www.ignace.ca,single-tier,township,Kenora,72.13,1782,1709,1431,1202,1202,1206,24.71,23.69,19.84,16.66,16.66,16.72,-0.0410,-0.1627,-0.1600,0.0000,0.0033
Ingersoll,"43.039167, -80.883611",https://www.ingersoll.ca,lower-tier,town,Oxford,12.73,10502,10977,11760,12146,12757,13693,824.98,862.29,923.80,954.12,1002.12,1075.65,0.0452,0.0713,0.0328,0.0503,0.0734
Innisfil,"44.3, -79.583333",https://innisfil.ca,lower-tier,town,Simcoe,262.39,24711,28666,31175,32727,36566,43326,94.18,109.25,118.81,124.73,139.36,165.12,0.1601,0.0875,0.0498,0.1173,0.1849
Iroquois Falls,"48.766667, -80.666667",https://www.iroquoisfalls.com,single-tier,town,Cochrane,599.03,5714,5217,4729,4595,4537,4418,9.54,8.71,7.89,7.67,7.57,7.38,-0.0870,-0.0935,-0.0283,-0.0126,-0.0262
James,"47.710556, -80.339444",http://www.elklake.ca,single-tier,township,Timiskaming,85.40,483,467,414,424,420,348,5.66,5.47,4.85,4.96,4.92,4.07,-0.0331,-0.1135,0.0242,-0.0094,-0.1714
Jocelyn,"46.183333, -83.966667",http://jocelyntownship.com,single-tier,township,Algoma,130.43,294,298,277,237,313,314,2.25,2.28,2.12,1.82,2.40,2.41,0.0136,-0.0705,-0.1444,0.3207,0.0032
Johnson,"46.333333, -83.933333",https://johnsontownship.ca,single-tier,township,Algoma,119.47,729,658,701,750,751,749,6.10,5.51,5.87,6.28,6.29,6.27,-0.0974,0.0653,0.0699,0.0013,-0.0027
Joly,"45.783333, -79.25",https://townshipofjoly.com,single-tier,township,Parry Sound,193.95,311,290,280,284,304,293,1.60,1.50,1.44,1.46,1.57,1.51,-0.0675,-0.0345,0.0143,0.0704,-0.0362
Kapuskasing,"49.416667, -82.433333",http://www.kapuskasing.ca,single-tier,town,Cochrane,83.98,10036,9238,8509,8196,8292,8057,119.50,110.00,101.32,97.59,98.74,95.94,-0.0795,-0.0789,-0.0368,0.0117,-0.0283
Kawartha Lakes,"44.35, -78.75",https://www.kawarthalakes.ca,single-tier,city,Kawartha Lakes,3033.66,67926,69179,74561,73219,75423,79247,22.39,22.80,24.58,24.14,24.86,26.12,0.0184,0.0778,-0.0180,0.0301,0.0507
Kearney,"45.6, -79.116667",https://townofkearney.ca,single-tier,town,Parry Sound,528.21,837,773,798,841,882,974,1.58,1.46,1.51,1.59,1.67,1.84,-0.0765,0.0323,0.0539,0.0488,0.1043
Kenora,"49.766667, -94.483333",https://www.kenora.ca,single-tier,city,Kenora,211.65,10063,15838,15177,15348,15096,14967,47.55,74.83,71.71,72.52,71.33,70.72,0.5739,-0.0417,0.0113,-0.0164,-0.0085
Kerns,"47.6083, -79.8",http://kerns.ca,single-tier,township,Timiskaming,90.66,400,360,325,359,358,330,4.41,3.97,3.58,3.96,3.95,3.64,-0.1000,-0.0972,0.1046,-0.0028,-0.0782
"Killaloe, Hagarty and Richards","45.6, -77.5",https://www.killaloe-hagarty-richards.ca,lower-tier,township,Renfrew,391.60,2347,2492,2550,2402,2420,2410,5.99,6.36,6.51,6.13,6.18,6.15,0.0618,0.0233,-0.0580,0.0075,-0.0041
Killarney,"45.983333, -81.516667",http://www.municipalityofkillarney.ca,single-tier,municipality,Sudbury,1469.40,738,428,459,505,386,397,0.50,0.29,0.31,0.34,0.26,0.27,-0.4201,0.0724,0.1002,-0.2356,0.0285
Kincardine,"44.166667, -81.633333",http://www.kincardine.net,lower-tier,municipality,Bruce,537.80,11908,11029,11173,11174,11389,12268,22.14,20.51,20.78,20.78,21.18,22.81,-0.0738,0.0131,0.0001,0.0192,0.0772
King,"44.0463, -79.6044",https://www.king.ca,lower-tier,township,York,332.12,16573,18533,19487,19899,24512,27333,49.90,55.80,58.67,59.92,73.80,82.30,0.1183,0.0515,0.0211,0.2318,0.1151
Kingston,"44.234722, -76.510833",https://www.cityofkingston.ca,single-tier,city,Frontenac,451.58,112605,114195,117207,123363,123798,132485,249.36,252.88,259.55,273.18,274.14,293.38,0.0141,0.0264,0.0525,0.0035,0.0702
Kingsville,"42.1, -82.716667",https://www.kingsville.ca,lower-tier,town,Essex,246.08,18409,19619,20908,21362,21552,22119,74.81,79.73,84.96,86.81,87.58,89.89,0.0657,0.0657,0.0217,0.0089,0.0263
Kirkland Lake,"48.15, -80.033333",https://www.kirklandlake.ca,single-tier,town,Timiskaming,261.29,9905,8616,8248,8493,7981,7750,37.91,32.97,31.57,32.50,30.54,29.66,-0.1301,-0.0427,0.0297,-0.0603,-0.0289
Kitchener,"43.418611, -80.472778",https://www.kitchener.ca,lower-tier,city,Waterloo,136.81,178420,190399,204668,219153,233222,256885,1304.14,1391.70,1496.00,1601.88,1704.71,1877.68,0.0671,0.0749,0.0708,0.0642,0.1015
La Vallee,"48.616667, -93.65",https://lavallee.ca,single-tier,township,Rainy River,237.12,1130,1073,1067,988,938,788,4.77,4.53,4.50,4.17,3.96,3.32,-0.0504,-0.0056,-0.0740,-0.0506,-0.1599
Laird,"46.383333, -84.066667",https://lairdtownship.ca,single-tier,township,Algoma,103.25,1073,1021,1078,1057,1047,1121,10.39,9.89,10.44,10.24,10.14,10.86,-0.0485,0.0558,-0.0195,-0.0095,0.0707
Lake of Bays,"45.3075, -79.006389",https://www.lakeofbays.on.ca,lower-tier,township,Muskoka,667.43,2850,2900,3570,3476,3167,3759,4.27,4.35,5.35,5.21,4.75,5.63,0.0175,0.2310,-0.0263,-0.0889,0.1869
Lake of the Woods,"49, -94.383333",https://www.lakeofthewoods.ca,single-tier,township,Rainy River,746.24,432,330,323,296,230,308,0.58,0.44,0.43,0.40,0.31,0.41,-0.2361,-0.0212,-0.0836,-0.2230,0.3391
Lakeshore,"42.25, -82.683333",https://www.lakeshore.ca,lower-tier,town,Essex,529.00,26127,28746,33245,34546,36611,40410,49.39,54.34,62.84,65.30,69.21,76.39,0.1002,0.1565,0.0391,0.0598,0.1038
Lambton Shores,"43.183333, -81.9",https://www.lambtonshores.ca,lower-tier,municipality,Lambton,330.57,10874,10571,11150,10656,10631,11876,32.89,31.98,33.73,32.24,32.16,35.93,-0.0279,0.0548,-0.0443,-0.0023,0.1171
Lanark Highlands,"45.088, -76.517",https://www.lanarkhighlands.ca,lower-tier,township,Lanark,1031.52,4629,4795,5180,5128,5338,5737,4.49,4.65,5.02,4.97,5.17,5.56,0.0359,0.0803,-0.0100,0.0410,0.0747
Larder Lake,"48.1, -79.7167",https://larderlake.ca,single-tier,township,Timiskaming,227.62,982,790,735,684,730,745,4.31,3.47,3.23,3.01,3.21,3.27,-0.1955,-0.0696,-0.0694,0.0673,0.0205
LaSalle,"42.216667, -83.066667",https://www.lasalle.ca,lower-tier,town,Essex,64.96,20566,25285,27652,28643,30180,32721,316.59,389.24,425.68,440.93,464.59,503.71,0.2295,0.0936,0.0358,0.0537,0.0842
Latchford,"47.328889, -79.810278",https://www.latchford.ca,single-tier,town,Timiskaming,152.26,338,363,390,387,313,355,2.22,2.38,2.56,2.54,2.06,2.33,0.0740,0.0744,-0.0077,-0.1912,0.1342
Laurentian Hills,"46.133333, -77.55",https://www.laurentianhills.ca,lower-tier,town,Renfrew,634.31,2784,2750,2789,2811,2961,2885,4.39,4.34,4.40,4.43,4.67,4.55,-0.0122,0.0142,0.0079,0.0534,-0.0257
Laurentian Valley,"45.768056, -77.223889",https://www.lvtownship.ca,lower-tier,township,Renfrew,539.08,8978,8733,9265,9657,9387,9450,16.65,16.20,17.19,17.91,17.41,17.53,-0.0273,0.0609,0.0423,-0.0280,0.0067
Leamington,"42.066667, -82.583333",https://www.leamington.ca,lower-tier,municipality,Essex,261.24,25389,27138,28833,28403,27595,29680,97.19,103.88,110.37,108.72,105.63,113.61,0.0689,0.0625,-0.0149,-0.0284,0.0756
Leeds and the Thousand Islands,"44.486667, -76.0925",https://www.leeds1000islands.ca,lower-tier,township,Leeds and Grenville,608.09,9175,9069,9435,9277,9465,9804,15.09,14.91,15.52,15.26,15.57,16.12,-0.0116,0.0404,-0.0167,0.0203,0.0358
Limerick,"44.9, -77.666667",https://limerick.ca,lower-tier,township,Hastings,201.04,396,362,364,352,346,436,1.97,1.80,1.81,1.75,1.72,2.17,-0.0859,0.0055,-0.0330,-0.0170,0.2601
Lincoln,"43.1528, -79.4183",https://lincoln.ca,lower-tier,town,Niagara,162.74,18801,20612,21722,22487,23787,25719,115.53,126.66,133.48,138.18,146.17,158.04,0.0963,0.0539,0.0352,0.0578,0.0812
London,"42.9675, -81.2325",https://london.ca,single-tier,city,Middlesex,420.50,325699,336359,352395,366151,383822,422324,774.55,799.90,838.04,870.75,912.78,1004.34,0.0327,0.0477,0.0390,0.0483,0.1003
Loyalist,"44.243611, -76.769167",https://www.loyalist.ca,lower-tier,township,Lennox and Addington,342.72,14551,14590,15062,16221,16971,17943,42.46,42.57,43.95,47.33,49.52,52.35,0.0027,0.0324,0.0769,0.0462,0.0573
Lucan Biddulph,"43.2, -81.383333",https://lucanbiddulph.on.ca,lower-tier,township,Middlesex,169.08,4166,4201,4187,4338,4700,5680,24.64,24.85,24.76,25.66,27.80,33.59,0.0084,-0.0033,0.0361,0.0834,0.2085
"Macdonald, Meredith and Aberdeen Additional","46.483333, -84.066667",https://echobay.ca,single-tier,township,Algoma,163.26,1521,1452,1550,1464,1609,1513,9.32,8.89,9.49,8.97,9.86,9.27,-0.0454,0.0675,-0.0555,0.0990,-0.0597
Machar,"45.866667, -79.466667",http://www.machartownship.net,single-tier,township,Parry Sound,182.65,835,849,866,923,882,969,4.57,4.65,4.74,5.05,4.83,5.31,0.0168,0.0200,0.0658,-0.0444,0.0986
Machin,"49.783333, -93.166667",https://www.visitmachin.com,single-tier,municipality,Kenora,290.14,1117,1143,978,935,971,1012,3.85,3.94,3.37,3.22,3.35,3.49,0.0233,-0.1444,-0.0440,0.0385,0.0422
Madawaska Valley,"45.5, -77.666667",https://www.madawaskavalley.ca,lower-tier,township,Renfrew,665.83,4342,4406,4381,4282,4123,3927,6.52,6.62,6.58,6.43,6.19,5.90,0.0147,-0.0057,-0.0226,-0.0371,-0.0475
Madoc,"44.583333, -77.516667",https://www.madoc.ca,lower-tier,township,Hastings,274.58,2031,2044,2069,2166,2078,2233,7.40,7.44,7.54,7.89,7.57,8.13,0.0064,0.0122,0.0469,-0.0406,0.0746
Magnetawan,"45.666667, -79.633333",https://magnetawan.com,single-tier,municipality,Parry Sound,526.31,1324,1342,1610,1454,1390,1753,2.52,2.55,3.06,2.76,2.64,3.33,0.0136,0.1997,-0.0969,-0.0440,0.2612
Malahide,"42.792778, -80.936111",https://www.malahide.ca,lower-tier,township,Elgin,394.27,8891,8809,8828,9146,9292,9308,22.55,22.34,22.39,23.20,23.57,23.61,-0.0092,0.0022,0.0360,0.0160,0.0017
Manitouwadge,"49.133333, -85.833333",https://www.manitouwadge.ca,single-tier,township,Thunder Bay,352.17,3395,2949,2300,2105,1937,1974,9.64,8.37,6.53,5.98,5.50,5.61,-0.1314,-0.2201,-0.0848,-0.0798,0.0191
Mapleton,"43.75, -80.6667",https://mapleton.ca,lower-tier,township,Wellington,535.56,8827,9303,9851,9989,10527,10839,16.48,17.37,18.39,18.65,19.66,20.24,0.0539,0.0589,0.0140,0.0539,0.0296
Marathon,"48.75, -86.366667",https://www.marathon.ca,single-tier,town,Thunder Bay,167.03,4791,4416,3863,3353,3273,3138,28.68,26.44,23.13,20.07,19.60,18.79,-0.0783,-0.1252,-0.1320,-0.0239,-0.0412
Markham,"43.876667, -79.263333",https://www.markham.ca,lower-tier,city,York,210.93,173383,208615,261573,301709,328966,338503,821.99,989.02,1240.09,1430.38,1559.60,1604.81,0.2032,0.2539,0.1534,0.0903,0.0290
Markstay-Warren,"46.5, -80.5",https://markstay-warren.ca,single-tier,municipality,Sudbury,505.92,2967,2627,2475,2297,2656,2708,5.86,5.19,4.89,4.54,5.25,5.35,-0.1146,-0.0579,-0.0719,0.1563,0.0196
Marmora and Lake,"44.6425, -77.737222",https://marmoraandlake.ca,lower-tier,municipality,Hastings,538.24,3874,3985,3912,4074,3953,4267,7.20,7.40,7.27,7.57,7.34,7.93,0.0287,-0.0183,0.0414,-0.0297,0.0794
Matachewan,"48, -80.65",https://www.matachewan.com,single-tier,township,Timiskaming,539.56,402,308,375,409,225,268,0.75,0.57,0.70,0.76,0.42,0.50,-0.2338,0.2175,0.0907,-0.4499,0.1911
Mattawa,"46.316667, -78.7",https://mattawa.ca,single-tier,town,Nipissing,3.67,2281,2270,2003,2023,1993,1881,621.53,618.53,545.78,551.23,543.05,512.53,-0.0048,-0.1176,0.0100,-0.0148,-0.0562
Mattawan,"46.333333, -78.833333",https://mattawan.ca,single-tier,township,Nipissing,200.12,115,114,147,162,161,153,0.57,0.57,0.73,0.81,0.80,0.76,-0.0087,0.2895,0.1020,-0.0062,-0.0497
Mattice-Val Côté,"49.645833, -83.286944",https://www.matticevalcote.ca,single-tier,township,Cochrane,412.81,935,891,772,686,648,542,2.26,2.16,1.87,1.66,1.57,1.31,-0.0471,-0.1336,-0.1114,-0.0554,-0.1636
McDougall,"45.45, -80.016667",https://www.mcdougall.ca,single-tier,municipality,Parry Sound,264.02,2299,2608,2704,2705,2702,2744,8.71,9.88,10.24,10.25,10.23,10.39,0.1344,0.0368,0.0004,-0.0011,0.0155
McGarry,"48.146389, -79.570556",https://www.mcgarry.ca,single-tier,township,Timiskaming,85.62,1015,787,674,595,609,579,11.85,9.19,7.87,6.95,7.11,6.76,-0.2246,-0.1436,-0.1172,0.0235,-0.0493
McKellar,"45.483333, -79.85",https://www.mckellar.ca,single-tier,township,Parry Sound,176.07,939,933,1080,1144,1111,1419,5.33,5.30,6.13,6.50,6.31,8.06,-0.0064,0.1576,0.0593,-0.0288,0.2772
McMurrich/Monteith,"45.45, -79.483333",https://www.mcmurrichmonteith.com,single-tier,township,Parry Sound,275.26,723,766,791,779,824,907,2.63,2.78,2.87,2.83,2.99,3.30,0.0595,0.0326,-0.0152,0.0578,0.1007
McNab/Braeside,"45.45, -76.5",https://www.mcnabbraeside.com,lower-tier,township,Renfrew,255.28,6480,6843,7222,7371,7178,7591,25.38,26.81,28.29,28.87,28.12,29.74,0.0560,0.0554,0.0206,-0.0262,0.0575
Meaford,"44.58, -80.73",https://www.meaford.ca,lower-tier,municipality,Grey,587.57,10497,10381,10948,11100,10991,11485,17.87,17.67,18.63,18.89,18.71,19.55,-0.0111,0.0546,0.0139,-0.0098,0.0449
Melancthon,"44.15, -80.266667",https://melancthontownship.ca,lower-tier,township,Dufferin,310.39,2607,2796,2895,2839,3008,3132,8.40,9.01,9.33,9.15,9.69,10.09,0.0725,0.0354,-0.0193,0.0595,0.0412
Merrickville–Wolford,"44.916667, -75.833333",http://www.merrickville-wolford.ca,lower-tier,village,Leeds and Grenville,214.33,2630,2812,2867,2850,3067,3135,12.27,13.12,13.38,13.30,14.31,14.63,0.0692,0.0196,-0.0059,0.0761,0.0222
Middlesex Centre,"43.05, -81.45",https://middlesexcentre.ca,lower-tier,municipality,Middlesex,588.16,12985,14242,15589,16487,17262,18928,22.08,24.21,26.50,28.03,29.35,32.18,0.0968,0.0946,0.0576,0.0470,0.0965
Midland,"44.75, -79.883333",https://www.midland.ca,lower-tier,town,Simcoe,35.33,16347,16214,16330,16572,16864,17817,462.69,458.93,462.21,469.06,477.33,504.30,-0.0081,0.0072,0.0148,0.0176,0.0565
Milton,"43.508333, -79.883333",https://www.milton.ca,lower-tier,town,Halton,363.83,32104,31471,53889,84362,110128,132979,88.24,86.50,148.12,231.87,302.69,365.50,-0.0197,0.7123,0.5655,0.3054,0.2075
Minden Hills,"44.933333, -78.733333",https://www.mindenhills.ca,lower-tier,township,Haliburton,847.37,5336,5312,5556,5655,6088,6971,6.30,6.27,6.56,6.67,7.18,8.23,-0.0045,0.0459,0.0178,0.0766,0.1450
Minto,"43.916667, -80.866667",https://town.minto.on.ca,lower-tier,town,Wellington,300.19,7854,8164,8504,8334,8671,9094,26.16,27.20,28.33,27.76,28.89,30.29,0.0395,0.0416,-0.0200,0.0404,0.0488
Mississauga,"43.6, -79.65",https://www.mississauga.ca,lower-tier,city,Peel,292.74,544382,612925,668599,713443,721599,717961,1859.61,2093.75,2283.93,2437.12,2464.98,2452.56,0.1259,0.0908,0.0671,0.0114,-0.0050
Mississippi Mills,"45.216667, -76.2",https://www.mississippimills.ca,lower-tier,town,Lanark,511.25,11069,11647,11734,12385,13163,14740,21.65,22.78,22.95,24.22,25.75,28.83,0.0522,0.0075,0.0555,0.0628,0.1198
Mono,"44.016667, -80.066667",https://townofmono.com,lower-tier,town,Dufferin,278.37,6552,6922,7071,7546,8609,9421,23.54,24.87,25.40,27.11,30.93,33.84,0.0565,0.0215,0.0672,0.1409,0.0943
Montague,"44.966667, -75.966667",https://www.montaguetownship.ca,lower-tier,township,Lanark,278.47,2802,3671,3209,3483,3761,3914,10.06,13.18,11.52,12.51,13.51,14.06,0.3101,-0.1259,0.0854,0.0798,0.0407
Moonbeam,"49.35, -82.15",https://www.moonbeam.ca,single-tier,township,Cochrane,234.46,1322,1201,1298,1101,1231,1157,5.64,5.12,5.54,4.70,5.25,4.93,-0.0915,0.0808,-0.1518,0.1181,-0.0601
Moosonee,"51.334167, -80.721111",http://www.moosonee.ca,single-tier,town,Cochrane,547.83,1939,1916,2006,1725,1481,1512,3.54,3.50,3.66,3.15,2.70,2.76,-0.0119,0.0470,-0.1401,-0.1414,0.0209
Morley,"48.833333, -94.166667",https://townshipofmorley.ca,single-tier,township,Rainy River,388.38,478,447,492,508,481,493,1.23,1.15,1.27,1.31,1.24,1.27,-0.0649,0.1007,0.0325,-0.0531,0.0249
Morris-Turnberry,"43.85, -81.25",https://morristurnberry.ca,lower-tier,municipality,Huron,376.89,3504,3413,3403,3413,3496,3590,9.30,9.06,9.03,9.06,9.28,9.53,-0.0260,-0.0029,0.0029,0.0243,0.0269
Mulmur,"44.1917, -80.1083",https://mulmur.ca,lower-tier,township,Dufferin,286.17,2903,3099,3318,3391,3478,3571,10.14,10.83,11.59,11.85,12.15,12.48,0.0675,0.0707,0.0220,0.0257,0.0267
Muskoka Lakes,"45.116667, -79.583333",https://www.muskokalakes.ca,lower-tier,township,Muskoka,774.46,6061,6042,6467,6707,6588,7652,7.83,7.80,8.35,8.66,8.51,9.88,-0.0031,0.0703,0.0371,-0.0177,0.1615
Nairn and Hyman,"46.35, -81.633333",https://nairncentre.ca,single-tier,township,Sudbury,159.18,456,420,493,477,342,373,2.86,2.64,3.10,3.00,2.15,2.34,-0.0789,0.1738,-0.0325,-0.2830,0.0906
The Nation,"45.35, -75.0333",https://nationmun.ca,lower-tier,municipality,Prescott and Russell,658.93,10478,10599,10662,11668,12808,13350,15.90,16.09,16.18,17.71,19.44,20.26,0.0115,0.0059,0.0944,0.0977,0.0423
Neebing,"48.183333, -89.466667",https://www.neebing.org,single-tier,municipality,Thunder Bay,873.78,2102,2049,2184,1986,2055,2241,2.41,2.34,2.50,2.27,2.35,2.56,-0.0252,0.0659,-0.0907,0.0347,0.0905
New Tecumseth,"44.083333, -79.75",https://www.newtecumseth.ca,lower-tier,town,Simcoe,273.87,22904,26141,27701,30234,34242,43948,83.63,95.45,101.15,110.40,125.03,160.47,0.1413,0.0597,0.0914,0.1326,0.2835
Newbury,"42.683333, -81.797222",https://newbury.ca,lower-tier,village,Middlesex,1.77,430,422,439,447,466,440,242.94,238.42,248.02,252.54,263.28,248.59,-0.0186,0.0403,0.0182,0.0425,-0.0558
Newmarket,"44.058056, -79.458333",https://newmarket.ca,lower-tier,town,York,38.50,57125,65788,74295,79978,84224,87942,1483.77,1708.78,1929.74,2077.35,2187.64,2284.21,0.1516,0.1293,0.0765,0.0531,0.0441
Niagara Falls,"43.06, -79.106667",https://niagarafalls.ca,lower-tier,city,Niagara,210.25,76917,78815,82184,82997,88071,94415,365.84,374.86,390.89,394.75,418.89,449.06,0.0247,0.0427,0.0099,0.0611,0.0720
Niagara-on-the-Lake,"43.255278, -79.071667",https://www.notl.com,lower-tier,town,Niagara,131.35,13238,13839,14587,15400,17511,19088,100.78,105.36,111.05,117.24,133.32,145.32,0.0454,0.0541,0.0557,0.1371,0.0901
Nipigon,"49.015278, -88.268333",https://www.nipigon.net,single-tier,township,Thunder Bay,107.94,2210,1964,1752,1631,1642,1473,20.47,18.20,16.23,15.11,15.21,13.65,-0.1113,-0.1079,-0.0691,0.0067,-0.1029
Nipissing,"46.05, -79.55",https://nipissingtownship.com,single-tier,township,Parry Sound,387.95,1333,1278,1642,1704,1707,1769,3.44,3.29,4.23,4.39,4.40,4.56,-0.0413,0.2848,0.0378,0.0018,0.0363
Norfolk,"42.85, -80.266667",https://www.norfolkcounty.ca,single-tier,city,Haldimand-Norfolk,1597.68,60534,60847,62563,63175,64044,67490,37.89,38.08,39.16,39.54,40.09,42.24,0.0052,0.0282,0.0098,0.0138,0.0538
North Algona Wilberforce,"45.618333, -77.220278",http://nalgonawil.com,lower-tier,township,Renfrew,369.23,2595,2729,2840,2873,2915,3111,7.03,7.39,7.69,7.78,7.89,8.43,0.0516,0.0407,0.0116,0.0146,0.0672
North Bay,"46.309167, -79.461389",https://www.northbay.ca,single-tier,city,Nipissing,315.53,54332,52771,53966,53651,51553,52662,172.19,167.25,171.03,170.03,163.39,166.90,-0.0287,0.0226,-0.0058,-0.0391,0.0215
North Dumfries,"43.32, -80.38",https://www.northdumfries.ca,lower-tier,township,Waterloo,188.09,7817,8769,9063,9334,10215,10619,41.56,46.62,48.18,49.63,54.31,56.46,0.1218,0.0335,0.0299,0.0944,0.0395
North Dundas,"45.083333, -75.3475",https://www.northdundas.com,lower-tier,township,"Stormont, Dundas and Glengarry",502.41,11064,11014,11095,11225,11278,11304,22.02,21.92,22.08,22.34,22.45,22.50,-0.0045,0.0074,0.0117,0.0047,0.0023
North Frontenac,"44.95, -76.9",https://www.northfrontenac.com,lower-tier,township,Frontenac,1157.97,1773,1801,1904,1857,1903,2285,1.53,1.56,1.64,1.60,1.64,1.97,0.0158,0.0572,-0.0247,0.0248,0.2007
North Glengarry,"45.333333, -74.733333",https://www.northglengarry.ca,lower-tier,township,"Stormont, Dundas and Glengarry",643.40,10801,10589,10635,10251,10109,10144,16.79,16.46,16.53,15.93,15.71,15.77,-0.0196,0.0043,-0.0361,-0.0139,0.0035
North Grenville,"44.966667, -75.65",https://www.northgrenville.ca,lower-tier,municipality,Leeds and Grenville,351.90,12648,13581,14198,15085,16451,17964,35.94,38.59,40.35,42.87,46.75,51.05,0.0738,0.0454,0.0625,0.0906,0.0920
North Huron,"43.83, -81.42",https://www.northhuron.ca,lower-tier,township,Huron,179.01,5099,4984,5015,4884,4932,5052,28.48,27.84,28.02,27.28,27.55,28.22,-0.0226,0.0062,-0.0261,0.0098,0.0243
North Kawartha,"44.75, -78.1",https://www.northkawartha.ca,lower-tier,township,Peterborough,746.35,2104,2144,2342,2289,2479,2877,2.82,2.87,3.14,3.07,3.32,3.85,0.0190,0.0924,-0.0226,0.0830,0.1605
North Middlesex,"43.15, -81.633333",https://northmiddlesex.on.ca,lower-tier,municipality,Middlesex,598.65,6978,6901,6740,6658,6352,6307,11.66,11.53,11.26,11.12,10.61,10.54,-0.0110,-0.0233,-0.0122,-0.0460,-0.0071
North Perth,"43.73, -80.95",https://www.northperth.ca,lower-tier,municipality,Perth,493.09,11808,12055,12254,12631,13130,15538,23.95,24.45,24.85,25.62,26.63,31.51,0.0209,0.0165,0.0308,0.0395,0.1834
The North Shore,"46.233333, -82.633333",https://townshipofthenorthshore.ca,single-tier,township,Algoma,230.17,678,544,549,509,497,531,2.95,2.36,2.39,2.21,2.16,2.31,-0.1976,0.0092,-0.0729,-0.0236,0.0684
North Stormont,"45.216667, -75",https://www.northstormont.ca,lower-tier,township,"Stormont, Dundas and Glengarry",515.46,6900,6855,6769,6775,6873,7400,13.39,13.30,13.13,13.14,13.33,14.36,-0.0065,-0.0125,0.0009,0.0145,0.0767
Northeastern Manitoulin and the Islands,"45.966667, -81.933333",https://www.townofnemi.on.ca,single-tier,municipality,Manitoulin,489.19,,,2711,2706,2712,2641,,,5.54,5.53,5.54,5.40,,,-0.0018,0.0022,-0.0262
Northern Bruce Peninsula,"45.0992, -81.4069",https://www.northbrucepeninsula.ca,lower-tier,municipality,Bruce,775.70,3500,3599,3850,3744,3999,4404,4.51,4.64,4.96,4.83,5.16,5.68,0.0283,0.0697,-0.0275,0.0681,0.1013
Norwich,"42.983333, -80.6",https://www.norwich.ca,lower-tier,township,Oxford,424.01,10611,10478,10481,10721,10835,11151,25.03,24.71,24.72,25.28,25.55,26.30,-0.0125,0.0003,0.0229,0.0106,0.0292
Oakville,"43.456389, -79.713889",https://www.oakville.ca,lower-tier,town,Halton,138.94,128405,144738,165613,182520,193832,213759,924.18,1041.73,1191.97,1313.66,1395.08,1538.50,0.1272,0.1442,0.1021,0.0620,0.1028
O'Connor,"48.366667, -89.7",https://www.oconnortownship.ca,single-tier,township,Thunder Bay,108.56,739,724,720,685,663,689,6.81,6.67,6.63,6.31,6.11,6.35,-0.0203,-0.0055,-0.0486,-0.0321,0.0392
Oil Springs,"42.783333, -82.116667",https://www.oilsprings.ca,lower-tier,village,Lambton,8.14,773,758,717,704,648,647,94.96,93.12,88.08,86.49,79.61,79.48,-0.0194,-0.0541,-0.0181,-0.0795,-0.0015
Oliver Paipoonge,"48.39, -89.52",https://www.oliverpaipoonge.ca,single-tier,municipality,Thunder Bay,350.51,5907,5862,5757,5732,5922,6035,16.85,16.72,16.42,16.35,16.90,17.22,-0.0076,-0.0179,-0.0043,0.0331,0.0191
Opasatika,"49.533333, -82.866667",https://www.opasatika.net,single-tier,township,Cochrane,327.09,349,325,280,214,226,200,1.07,0.99,0.86,0.65,0.69,0.61,-0.0688,-0.1385,-0.2357,0.0561,-0.1150
Orangeville,"43.915278, -80.108611",https://www.orangeville.ca,lower-tier,town,Dufferin,15.16,21498,25248,26925,27975,28900,30167,1418.07,1665.44,1776.06,1845.32,1906.33,1989.91,0.1744,0.0664,0.0390,0.0331,0.0438
Orillia,"44.604167, -79.423889",https://www.orillia.ca,single-tier,city,Simcoe,28.53,27846,29121,30259,30586,31166,33411,976.03,1020.72,1060.60,1072.06,1092.39,1171.08,0.0458,0.0391,0.0108,0.0190,0.0720
Oro-Medonte,"44.566667, -79.583333",https://www.oro-medonte.ca,lower-tier,township,Simcoe,585.42,16698,18315,20031,20078,21036,23017,28.52,31.29,34.22,34.30,35.93,39.32,0.0968,0.0937,0.0023,0.0477,0.0942
Oshawa,"43.900556, -78.857222",https://www.oshawa.ca,lower-tier,city,Durham,145.72,134364,139051,141590,149607,159458,175383,922.07,954.23,971.66,1026.67,1094.28,1203.56,0.0349,0.0183,0.0566,0.0658,0.0999
Otonabee–South Monaghan,"44.233333, -78.233333",https://www.osmtownship.ca,lower-tier,township,Peterborough,346.15,6749,6669,6812,6581,6670,7087,19.50,19.27,19.68,19.01,19.27,20.47,-0.0119,0.0214,-0.0339,0.0135,0.0625
Ottawa,"45.424722, -75.695",https://ottawa.ca,single-tier,city,Ottawa,2788.20,721136,774072,812129,883391,934243,1017449,258.64,277.62,291.27,316.83,335.07,364.91,0.0734,0.0492,0.0877,0.0576,0.0891
Owen Sound,"44.566667, -80.933333",https://www.owensound.ca,lower-tier,city,Grey,24.21,21390,21431,21753,21688,21341,21612,883.52,885.21,898.51,895.83,881.50,892.69,0.0019,0.0150,-0.0030,-0.0160,0.0127
Papineau-Cameron,"46.3, -78.733333",http://papineaucameron.ca,single-tier,township,Nipissing,564.23,973,997,1058,978,1016,982,1.72,1.77,1.88,1.73,1.80,1.74,0.0247,0.0612,-0.0756,0.0389,-0.0335
Parry Sound,"45.353889, -80.036111",https://www.parrysound.ca,single-tier,town,Parry Sound,13.10,6326,6124,5818,6191,6408,6879,482.90,467.48,444.12,472.60,489.16,525.11,-0.0319,-0.0500,0.0641,0.0351,0.0735
Pelee,"41.775, -82.659722",https://www.pelee.org,single-tier,township,Essex,41.03,283,256,287,171,235,230,6.90,6.24,6.99,4.17,5.73,5.61,-0.0954,0.1211,-0.4042,0.3743,-0.0213
Pelham,"43.033333, -79.333333",https://www.pelham.ca,lower-tier,town,Niagara,126.35,14343,15272,16155,16598,17110,18192,113.52,120.87,127.86,131.37,135.42,143.98,0.0648,0.0578,0.0274,0.0308,0.0632
Pembroke,"45.816667, -77.1",https://pembroke.ca,single-tier,city,Renfrew,14.32,14177,13490,13930,14360,13882,14364,990.01,942.04,972.77,1002.79,969.41,1003.07,-0.0485,0.0326,0.0309,-0.0333,0.0347
Penetanguishene,"44.766667, -79.933333",https://www.penetanguishene.ca,lower-tier,town,Simcoe,25.42,7291,8316,9354,9111,8962,10077,286.82,327.14,367.98,358.42,352.56,396.42,0.1406,0.1248,-0.0260,-0.0164,0.1244
Perry,"45.5, -79.283333",https://townshipofperry.ca,single-tier,township,Parry Sound,186.34,2215,2252,2010,2317,2454,2650,11.89,12.09,10.79,12.43,13.17,14.22,0.0167,-0.1075,0.1527,0.0591,0.0799
Perth,"44.9, -76.25",https://www.perth.ca,lower-tier,town,Lanark,12.21,5886,6003,5907,5840,5930,6469,482.06,491.65,483.78,478.30,485.67,529.81,0.0199,-0.0160,-0.0113,0.0154,0.0909
Perth East,"43.47, -80.95",http://www.pertheast.on.ca,lower-tier,township,Perth,711.93,12089,12218,11986,12011,12277,12595,16.98,17.16,16.84,16.87,17.24,17.69,0.0107,-0.0190,0.0021,0.0221,0.0259
Perth South,"43.3, -81.15",https://www.perthsouth.ca,lower-tier,township,Perth,391.88,4343,4299,5907,3993,3805,3776,11.08,10.97,15.07,10.19,9.71,9.64,-0.0101,0.3740,-0.3240,-0.0471,-0.0076
Petawawa,"45.9, -77.283333",https://www.petawawa.ca,lower-tier,town,Renfrew,164.70,6540,14398,14651,15988,17187,18160,39.71,87.42,88.96,97.07,104.35,110.26,1.2015,0.0176,0.0913,0.0750,0.0566
Peterborough,"44.301111, -78.333333",https://www.peterborough.ca,single-tier,city,Peterborough,64.76,69742,71446,75406,78777,81032,83651,1076.93,1103.24,1164.39,1216.45,1251.27,1291.71,0.0244,0.0554,0.0447,0.0286,0.0323
Petrolia,"42.883333, -82.141667",http://town.petrolia.on.ca,lower-tier,town,Lambton,12.46,4908,4849,5222,5528,5742,6013,393.90,389.17,419.10,443.66,460.83,482.58,-0.0120,0.0769,0.0586,0.0387,0.0472
Pickering,"43.8354, -79.089",https://www.pickering.ca,lower-tier,city,Durham,231.10,78939,87139,87838,88721,91771,99186,341.58,377.06,380.09,383.91,397.11,429.19,0.1039,0.0080,0.0101,0.0344,0.0808
Pickle Lake,"51.466667, -90.183333",https://picklelake.ca,single-tier,township,Kenora,247.21,544,399,479,425,388,398,2.20,1.61,1.94,1.72,1.57,1.61,-0.2665,0.2005,-0.1127,-0.0871,0.0258
Plummer Additional,"46.366667, -83.766667",https://plummertownship.ca,single-tier,township,Algoma,219.24,693,671,625,650,660,757,3.16,3.06,2.85,2.96,3.01,3.45,-0.0317,-0.0686,0.0400,0.0154,0.1470
Plympton–Wyoming,"43.016667, -82.083333",https://www.plympton-wyoming.com,lower-tier,town,Lambton,318.86,7344,7359,7506,7576,7795,8308,23.03,23.08,23.54,23.76,24.45,26.06,0.0020,0.0200,0.0093,0.0289,0.0658
Point Edward,"42.993056, -82.408333",https://www.villageofpointedward.com,lower-tier,village,Lambton,3.30,2257,2101,2019,2034,2037,1930,683.94,636.67,611.82,616.36,617.27,584.85,-0.0691,-0.0390,0.0074,0.0015,-0.0525
Port Colborne,"42.883333, -79.25",https://www.portcolborne.ca,lower-tier,city,Niagara,121.99,15477,18450,18599,18424,18306,20033,126.87,151.24,152.46,151.03,150.06,164.22,0.1921,0.0081,-0.0094,-0.0064,0.0943
Port Hope,"43.95, -78.3",https://www.porthope.ca,lower-tier,municipality,Northumberland,278.80,11698,15605,16390,16214,16753,17294,41.96,55.97,58.79,58.16,60.09,62.03,0.3340,0.0503,-0.0107,0.0332,0.0323
Powassan,"46.0825, -79.361944",http://www.powassan.net,single-tier,municipality,Parry Sound,223.26,3311,3252,3309,3378,3455,3346,14.83,14.57,14.82,15.13,15.48,14.99,-0.0178,0.0175,0.0209,0.0228,-0.0315
Prescott,"44.716667, -75.516667",https://www.prescott.ca,single-tier,town,Leeds and Grenville,4.94,4480,4228,4180,4284,4222,4078,906.88,855.87,846.15,867.21,854.66,825.51,-0.0563,-0.0114,0.0249,-0.0145,-0.0341
Prince,"46.533333, -84.5",https://www.princetownship.ca,single-tier,township,Algoma,84.98,971,1010,971,1031,1010,975,11.43,11.89,11.43,12.13,11.89,11.47,0.0402,-0.0386,0.0618,-0.0204,-0.0347
Prince Edward,"44, -77.25",https://www.thecounty.ca,single-tier,city,Prince Edward,1052.61,25046,24901,25496,25258,24735,25704,23.79,23.66,24.22,24.00,23.50,24.42,-0.0058,0.0239,-0.0093,-0.0207,0.0392
Puslinch,"43.45, -80.166667",https://puslinch.ca,lower-tier,township,Wellington,214.82,5416,5885,6689,7029,7336,7944,25.21,27.40,31.14,32.72,34.15,36.98,0.0866,0.1366,0.0508,0.0437,0.0829
Quinte West,"44.183333, -77.566667",https://quintewest.ca,single-tier,city,Hastings,495.45,41676,41409,42697,43086,43577,46560,84.12,83.58,86.18,86.96,87.95,93.98,-0.0064,0.0311,0.0091,0.0114,0.0685
Rainy River,"48.716667, -94.566667",http://www.rainyriver.ca,single-tier,town,Rainy River,3.12,1008,981,909,842,807,752,323.08,314.42,291.35,269.87,258.65,241.03,-0.0268,-0.0734,-0.0737,-0.0416,-0.0682
Ramara,"44.633333, -79.216667",https://www.ramara.ca,lower-tier,township,Simcoe,414.94,7812,8615,9427,9275,9488,10377,18.83,20.76,22.72,22.35,22.87,25.01,0.1028,0.0943,-0.0161,0.0230,0.0937
Red Lake,"51.033333, -93.833333",http://www.redlake.ca,single-tier,municipality,Kenora,602.93,4778,4233,4526,4670,4107,4094,7.92,7.02,7.51,7.75,6.81,6.79,-0.1141,0.0692,0.0318,-0.1206,-0.0032
Red Rock,"48.95, -88.283333",https://www.redrocktownship.com,single-tier,township,Thunder Bay,62.10,1258,1233,1063,942,895,895,20.26,19.86,17.12,15.17,14.41,14.41,-0.0199,-0.1379,-0.1138,-0.0499,0.0000
Renfrew,"45.471667, -76.683056",https://www.renfrew.ca,lower-tier,town,Renfrew,12.81,8125,7942,7846,8218,8223,8190,634.27,619.98,612.49,641.53,641.92,639.34,-0.0225,-0.0121,0.0474,0.0006,-0.0040
Richmond Hill,"43.871389, -79.437222",https://www.richmondhill.ca,lower-tier,city,York,100.79,101725,132030,162704,185541,195022,202022,1009.28,1309.95,1614.29,1840.87,1934.93,2004.39,0.2979,0.2323,0.1404,0.0511,0.0359
Rideau Lakes,"44.666667, -76.216667",https://www.rideaulakes.ca,lower-tier,township,Leeds and Grenville,711.81,9564,9687,10350,10207,10326,10883,13.44,13.61,14.54,14.34,14.51,15.29,0.0129,0.0684,-0.0138,0.0117,0.0539
Russell,"45.256944, -75.358333",https://www.russell.ca,lower-tier,township,Prescott and Russell,198.78,11877,12412,13883,15247,16520,19598,59.75,62.44,69.84,76.70,83.11,98.59,0.0450,0.1185,0.0982,0.0835,0.1863
Ryerson,"45.586944, -79.511111",https://ryersontownship.ca,single-tier,township,Parry Sound,185.93,676,632,686,634,648,745,3.64,3.40,3.69,3.41,3.49,4.01,-0.0651,0.0854,-0.0758,0.0221,0.1497
Sables-Spanish Rivers,"46.233333, -82",https://www.sables-spanish.ca,single-tier,township,Sudbury,801.04,3332,3245,3237,3075,3188,3237,4.16,4.05,4.04,3.84,3.98,4.04,-0.0261,-0.0025,-0.0500,0.0367,0.0154
Sarnia,"42.981389, -82.317778",https://www.sarnia.ca,lower-tier,city,Lambton,163.90,72738,70876,71419,72366,71594,72047,443.79,432.43,435.75,441.53,436.82,439.58,-0.0256,0.0077,0.0133,-0.0107,0.0063
Saugeen Shores,"44.433333, -81.366667",https://www.saugeenshores.ca,lower-tier,town,Bruce,170.19,12084,11388,11720,12661,13715,15908,71.00,66.91,68.86,74.39,80.59,93.47,-0.0576,0.0292,0.0803,0.0832,0.1599
Sault Ste. Marie,"46.558889, -84.346944",https://saultstemarie.ca,single-tier,city,Algoma,221.99,80054,74566,74948,75141,73368,72051,360.62,335.90,337.62,338.49,330.50,324.57,-0.0686,0.0051,0.0026,-0.0236,-0.0180
Schreiber,"48.816667, -87.266667",https://www.schreiber.ca,single-tier,township,Thunder Bay,35.81,1788,1448,901,1126,1059,1039,49.93,40.44,25.16,31.44,29.57,29.01,-0.1902,-0.3778,0.2497,-0.0595,-0.0189
Scugog,"44.1403, -78.9153",https://www.scugog.ca,lower-tier,township,Durham,474.38,18837,20173,21439,21569,21617,21581,39.71,42.52,45.19,45.47,45.57,45.49,0.0709,0.0628,0.0061,0.0022,-0.0017
Seguin,"45.288203, -79.811561",https://www.seguin.ca,single-tier,township,Parry Sound,586.99,3654,3698,4276,3988,4304,5280,6.22,6.30,7.28,6.79,7.33,9.00,0.0120,0.1563,-0.0674,0.0792,0.2268
Selwyn,"44.416667, -78.333333",https://www.selwyntownship.ca,lower-tier,township,Peterborough,316.12,16109,16414,17027,16846,17060,18653,50.96,51.92,53.86,53.29,53.97,59.01,0.0189,0.0373,-0.0106,0.0127,0.0934
Severn,"44.75, -79.516667",https://www.severn.ca,lower-tier,township,Simcoe,523.06,10257,11135,12030,12377,13462,14576,19.61,21.29,23.00,23.66,25.74,27.87,0.0856,0.0804,0.0288,0.0877,0.0828
Shelburne,"44.083333, -80.2",http://www.townofshelburne.on.ca,lower-tier,town,Dufferin,6.56,3790,4122,5149,5846,8126,8994,577.74,628.35,784.91,891.16,1238.72,1371.04,0.0876,0.2492,0.1354,0.3900,0.1068
Shuniah,"48.583333, -88.833333",https://www.shuniah.org,single-tier,municipality,Thunder Bay,571.34,2346,2466,2913,2737,2798,3247,4.11,4.32,5.10,4.79,4.90,5.68,0.0512,0.1813,-0.0604,0.0223,0.1605
Sioux Lookout,"50.099722, -91.920556",https://www.siouxlookout.ca,single-tier,municipality,Kenora,378.02,3469,5336,5183,5037,5272,5839,9.18,14.12,13.71,13.32,13.95,15.45,0.5382,-0.0287,-0.0282,0.0467,0.1075
Sioux Narrows-Nestor Falls,"49.4, -94.08",https://www.snnf.ca,single-tier,township,Kenora,1215.80,794,577,672,720,567,727,0.65,0.47,0.55,0.59,0.47,0.60,-0.2733,0.1646,0.0714,-0.2125,0.2822
Smiths Falls,"44.9, -76.016667",https://smithsfalls.ca,single-tier,town,Lanark,9.66,9131,9140,9163,8978,8780,9254,945.24,946.17,948.55,929.40,908.90,957.97,0.0010,0.0025,-0.0202,-0.0221,0.0540
Smooth Rock Falls,"49.283333, -81.633333",https://www.smoothrockfalls.ca,single-tier,town,Cochrane,199.73,1982,1830,1473,1376,1330,1200,9.92,9.16,7.37,6.89,6.66,6.01,-0.0767,-0.1951,-0.0659,-0.0334,-0.0977
South Algonquin,"45.496667, -78.023889",https://www.southalgonquin.ca,single-tier,township,Nipissing,867.73,1333,1278,1253,1211,1096,1055,1.54,1.47,1.44,1.40,1.26,1.22,-0.0413,-0.0196,-0.0335,-0.0950,-0.0374
South Bruce,"44.033333, -81.2",https://www.southbruce.ca,lower-tier,municipality,Bruce,486.86,6248,6063,8415,8413,5639,5880,12.83,12.45,17.28,17.28,11.58,12.08,-0.0296,0.3879,-0.0002,-0.3297,0.0427
South Bruce Peninsula,"44.733333, -81.2",https://www.southbrucepeninsula.com,lower-tier,town,Bruce,530.61,8004,8090,5939,5685,8416,9137,15.08,15.25,11.19,10.71,15.86,17.22,0.0107,-0.2659,-0.0428,0.4804,0.0857
South Dundas,"44.916667, -75.266667",https://www.southdundas.com,lower-tier,municipality,"Stormont, Dundas and Glengarry",521.54,10900,10783,10535,10794,10852,11044,20.90,20.68,20.20,20.70,20.81,21.18,-0.0107,-0.0230,0.0246,0.0054,0.0177
South Frontenac,"44.5081, -76.4939",https://www.southfrontenac.net,lower-tier,township,Frontenac,948.05,15711,16415,18227,18113,18646,20188,16.57,17.31,19.23,19.11,19.67,21.29,0.0448,0.1104,-0.0063,0.0294,0.0827
South Glengarry,"45.2, -74.583333",https://www.southglengarry.com,lower-tier,township,"Stormont, Dundas and Glengarry",605.02,12649,12700,12880,13162,13150,13330,20.91,20.99,21.29,21.75,21.73,22.03,0.0040,0.0142,0.0219,-0.0009,0.0137
South Huron,"43.32, -81.5",https://www.southhuron.ca,lower-tier,municipality,Huron,425.12,10229,10019,9982,9945,10096,10063,24.06,23.57,23.48,23.39,23.75,23.67,-0.0205,-0.0037,-0.0037,0.0152,-0.0033
South River,"45.841667, -79.375",https://southriver.ca,single-tier,village,Parry Sound,4.11,1098,1040,1069,1049,1114,1101,267.15,253.04,260.10,255.23,271.05,267.88,-0.0528,0.0279,-0.0187,0.0620,-0.0117
South Stormont,"45.083333, -74.966667",https://www.southstormont.ca,lower-tier,township,"Stormont, Dundas and Glengarry",447.71,11584,11941,12520,12617,13110,13570,25.87,26.67,27.96,28.18,29.28,30.31,0.0308,0.0485,0.0077,0.0391,0.0351
Southgate,"44.1, -80.583333",https://www.southgate.ca,lower-tier,township,Grey,643.08,6449,6907,7072,7190,7354,8716,10.03,10.74,11.00,11.18,11.44,13.55,0.0710,0.0239,0.0167,0.0228,0.1852
Southwest Middlesex,"42.75, -81.7",https://southwestmiddlesex.ca,lower-tier,municipality,Middlesex,427.82,6204,6144,5890,5860,5723,5893,14.50,14.36,13.77,13.70,13.38,13.77,-0.0097,-0.0413,-0.0051,-0.0234,0.0297
South-West Oxford,"42.95, -80.8",https://www.swox.org,lower-tier,township,Oxford,369.61,8441,7782,7589,7544,7634,7583,22.84,21.05,20.53,20.41,20.65,20.52,-0.0781,-0.0248,-0.0059,0.0119,-0.0067
Southwold,"42.75, -81.316667",https://www.southwold.ca,lower-tier,township,Elgin,301.38,4282,4487,4724,4494,4421,4851,14.21,14.89,15.67,14.91,14.67,16.10,0.0479,0.0528,-0.0487,-0.0162,0.0973
Spanish,"46.1946, -82.3422",https://www.townofspanish.com,single-tier,town,Algoma,106.90,899,816,728,696,712,670,8.41,7.63,6.81,6.51,6.66,6.27,-0.0923,-0.1078,-0.0440,0.0230,-0.0590
Springwater,"44.433333, -79.733333",https://www.springwater.ca,lower-tier,township,Simcoe,535.85,14793,16104,17456,18223,19059,21701,27.61,30.05,32.58,34.01,35.57,40.50,0.0886,0.0840,0.0439,0.0459,0.1386
St. Catharines,"43.158333, -79.245833",https://www.stcatharines.ca,lower-tier,city,Niagara,96.20,130926,129170,131989,131400,133113,136803,1360.98,1342.72,1372.03,1365.90,1383.71,1422.07,-0.0134,0.0218,-0.0045,0.0130,0.0277
St. Clair,"42.783333, -82.35",https://www.stclairtownship.ca,lower-tier,township,Lambton,618.57,15081,14659,14649,14515,14086,14659,24.38,23.70,23.68,23.47,22.77,23.70,-0.0280,-0.0007,-0.0091,-0.0296,0.0407
St. Joseph,"46.266667, -84",https://stjosephtownship.com,single-tier,township,Algoma,127.65,1235,1201,1129,1201,1240,1426,9.67,9.41,8.84,9.41,9.71,11.17,-0.0275,-0.0600,0.0638,0.0325,0.1500
St. Marys,"43.258333, -81.133333",https://www.townofstmarys.com,single-tier,town,Perth,12.44,5952,6293,6617,6655,7265,7386,478.46,505.87,531.91,534.97,584.00,593.73,0.0573,0.0515,0.0057,0.0917,0.0167
St. Thomas,"42.775, -81.183333",https://www.stthomas.ca,single-tier,city,Elgin,35.61,32275,33236,36110,37905,38909,42840,906.35,933.33,1014.04,1064.45,1092.64,1203.03,0.0298,0.0865,0.0497,0.0265,0.1010
St.-Charles,"46.35, -80.416667",https://stcharlesontario.ca,single-tier,municipality,Sudbury,314.46,1233,1245,1159,1237,1269,1357,3.92,3.96,3.69,3.93,4.04,4.32,0.0097,-0.0691,0.0673,0.0259,0.0693
Stirling-Rawdon,"44.366667, -77.591667",https://www.stirling-rawdon.com,lower-tier,township,Hastings,282.48,4905,4887,4906,4978,4882,5015,17.36,17.30,17.37,17.62,17.28,17.75,-0.0037,0.0039,0.0147,-0.0193,0.0272
Stone Mills,"44.45, -76.916667",https://www.stonemills.com,lower-tier,township,Lennox and Addington,693.71,7229,7337,7568,7560,7702,7826,10.42,10.58,10.91,10.90,11.10,11.28,0.0149,0.0315,-0.0011,0.0188,0.0161
Stratford,"43.370833, -80.981944",https://www.stratford.ca,single-tier,city,Perth,30.02,28987,29676,30516,30903,31470,33232,965.59,988.54,1016.52,1029.41,1048.30,1107.00,0.0238,0.0283,0.0127,0.0183,0.0560
Strathroy-Caradoc,"42.9575, -81.616667",https://www.strathroy-caradoc.ca,lower-tier,municipality,Middlesex,270.86,17930,19114,19959,20978,20867,23871,66.20,70.57,73.69,77.45,77.04,88.13,0.0660,0.0442,0.0511,-0.0053,0.1440
Strong,"45.75, -79.4",https://www.strongtownship.com,single-tier,township,Parry Sound,158.88,1393,1369,1327,1341,1439,1566,8.77,8.62,8.35,8.44,9.06,9.86,-0.0172,-0.0307,0.0106,0.0731,0.0883
Sundridge,"45.766667, -79.4",https://www.sundridge.ca,single-tier,village,Parry Sound,2.25,1019,983,942,985,961,938,452.89,436.89,418.67,437.78,427.11,416.89,-0.0353,-0.0417,0.0456,-0.0244,-0.0239
Tarbutt,"46.35, -84",https://tarbutt.ca,single-tier,township,Algoma,52.79,442,466,388,396,534,573,8.37,8.83,7.35,7.50,10.12,10.85,0.0543,-0.1674,0.0206,0.3485,0.0730
Tay,"44.716667, -79.766667",https://www.tay.ca,lower-tier,township,Simcoe,137.86,9044,9162,9748,9736,10033,11091,65.60,66.46,70.71,70.62,72.78,80.45,0.0130,0.0640,-0.0012,0.0305,0.1055
Tay Valley,"44.866667, -76.383333",https://www.tayvalleytwp.ca,lower-tier,township,Lanark,528.67,5180,5440,5634,5571,5665,5925,9.80,10.29,10.66,10.54,10.72,11.21,0.0502,0.0357,-0.0112,0.0169,0.0459
Tecumseh,"42.243056, -82.925556",https://www.tecumseh.ca,lower-tier,town,Essex,94.59,23151,25105,24224,23610,23229,23300,244.75,265.41,256.09,249.60,245.58,246.33,0.0844,-0.0351,-0.0253,-0.0161,0.0031
Tehkummah,"45.65, -81.98",https://tehkummah.ca,single-tier,township,Manitoulin,131.70,371,367,382,406,436,450,2.82,2.79,2.90,3.08,3.31,3.42,-0.0108,0.0409,0.0628,0.0739,0.0321
Temagami,"47.0625, -79.790278",https://www.temagami.ca,single-tier,municipality,Nipissing,1878.12,1027,893,934,840,802,862,0.55,0.48,0.50,0.45,0.43,0.46,-0.1305,0.0459,-0.1006,-0.0452,0.0748
Temiskaming Shores,"47.516667, -79.683333",https://www.temiskamingshores.ca,single-tier,city,Timiskaming,176.67,,,10442,10400,9920,9634,,,59.10,58.87,56.15,54.53,,,-0.0040,-0.0462,-0.0288
Terrace Bay,"48.8, -87.1",http://www.terracebay.ca,single-tier,township,Thunder Bay,151.50,2324,1950,1625,1471,1611,1528,15.34,12.87,10.73,9.71,10.63,10.09,-0.1609,-0.1667,-0.0948,0.0952,-0.0515
Thames Centre,"43.03, -81.08",https://www.thamescentre.on.ca,lower-tier,municipality,Middlesex,433.99,12126,12473,13085,13000,13191,13980,27.94,28.74,30.15,29.95,30.39,32.21,0.0286,0.0491,-0.0065,0.0147,0.0598
Thessalon,"46.25, -83.55",https://thessalon.ca,single-tier,town,Algoma,4.38,1485,1386,1312,1279,1286,1260,339.04,316.44,299.54,292.01,293.61,287.67,-0.0667,-0.0534,-0.0252,0.0055,-0.0202
Thornloe,"47.666667, -79.758333",,single-tier,village,Timiskaming,6.59,132,120,105,123,112,92,20.03,18.21,15.93,18.66,17.00,13.96,-0.0909,-0.1250,0.1714,-0.0894,-0.1786
Thorold,"43.116667, -79.2",https://www.thorold.ca,lower-tier,city,Niagara,83.29,17883,18048,18224,17931,18801,23816,214.71,216.69,218.80,215.28,225.73,285.94,0.0092,0.0098,-0.0161,0.0485,0.2667
Thunder Bay,"48.382222, -89.246111",https://www.thunderbay.ca,single-tier,city,Thunder Bay,327.77,113662,109016,109160,108359,107909,108843,346.77,332.60,333.04,330.59,329.22,332.07,-0.0409,0.0013,-0.0073,-0.0042,0.0087
Tillsonburg,"42.866667, -80.733333",https://www.tillsonburg.ca,lower-tier,town,Oxford,22.20,13211,14052,14822,15301,15872,18615,595.09,632.97,667.66,689.23,714.95,838.51,0.0637,0.0548,0.0323,0.0373,0.1728
Timmins,"48.466667, -81.333333",https://www.timmins.ca,single-tier,city,Cochrane,2955.33,47499,43686,42997,43165,41788,41145,16.07,14.78,14.55,14.61,14.14,13.92,-0.0803,-0.0158,0.0039,-0.0319,-0.0154
Tiny,"44.683333, -79.95",https://www.tiny.ca,lower-tier,township,Simcoe,335.05,8644,9035,10754,11232,11787,12966,25.80,26.97,32.10,33.52,35.18,38.70,0.0452,0.1903,0.0444,0.0494,0.1000
Toronto,"43.741667, -79.373333",https://www.toronto.ca,single-tier,city,Toronto,631.10,2385421,2481494,2503281,2615060,2731571,2794356,3779.78,3932.01,3966.54,4143.65,4328.27,4427.75,0.0403,0.0088,0.0447,0.0446,0.0230
Trent Hills,"44.314167, -77.851389",https://www.trenthills.ca,lower-tier,municipality,Northumberland,513.85,12437,12569,12247,12604,12900,13861,24.20,24.46,23.83,24.53,25.10,26.97,0.0106,-0.0256,0.0291,0.0235,0.0745
Trent Lakes,"44.666667, -78.433333",https://www.trentlakes.ca,lower-tier,municipality,Peterborough,833.72,4400,4372,5284,5100,5397,6439,5.28,5.24,6.34,6.12,6.47,7.72,-0.0064,0.2086,-0.0348,0.0582,0.1931
Tudor and Cashel,"44.75, -77.6",https://tudorandcashel.com,lower-tier,township,Hastings,433.31,696,665,682,586,586,740,1.61,1.53,1.57,1.35,1.35,1.71,-0.0445,0.0256,-0.1408,0.0000,0.2628
Tweed,"44.6, -77.333333",https://tweed.ca,lower-tier,municipality,Hastings,918.61,5706,5612,5614,6057,6044,6067,6.21,6.11,6.11,6.59,6.58,6.60,-0.0165,0.0004,0.0789,-0.0021,0.0038
Tyendinaga,"44.3, -77.2",https://tyendinagatownship.com,lower-tier,township,Hastings,312.42,3549,3769,4070,4150,4226,4538,11.36,12.06,13.03,13.28,13.53,14.53,0.0620,0.0799,0.0197,0.0183,0.0738
Uxbridge,"44.116667, -79.133333",https://www.uxbridge.ca,lower-tier,township,Durham,420.52,15882,17377,19169,20623,21176,21556,37.77,41.32,45.58,49.04,50.36,51.26,0.0941,0.1031,0.0759,0.0268,0.0179
Val Rita-Harty,"49.483889, -82.629722",https://valharty.ca,single-tier,township,Cochrane,378.89,1112,1012,939,817,762,757,2.93,2.67,2.48,2.16,2.01,2.00,-0.0899,-0.0721,-0.1299,-0.0673,-0.0066
Vaughan,"43.833333, -79.5",https://www.vaughan.ca,lower-tier,city,York,272.44,132549,182022,238866,288301,306233,323103,486.53,668.12,876.77,1058.22,1124.04,1185.96,0.3732,0.3123,0.2070,0.0622,0.0551
Wainfleet,"42.925, -79.375",https://www.wainfleet.ca,lower-tier,township,Niagara,217.53,6253,6258,6601,6356,6372,6887,28.75,28.77,30.35,29.22,29.29,31.66,0.0008,0.0548,-0.0371,0.0025,0.0808
Warwick,"43, -81.891667",https://www.warwicktownship.ca,lower-tier,township,Lambton,290.21,4141,4025,3945,3717,3692,3641,14.27,13.87,13.59,12.81,12.72,12.55,-0.0280,-0.0199,-0.0578,-0.0067,-0.0138
Wasaga Beach,"44.520556, -80.016667",https://www.wasagabeach.com,lower-tier,town,Simcoe,57.42,8698,12419,15029,17537,20675,24862,151.48,216.28,261.74,305.42,360.07,432.99,0.4278,0.2102,0.1669,0.1789,0.2025
Waterloo,"43.466667, -80.516667",https://www.waterloo.ca,lower-tier,city,Waterloo,64.06,77949,86543,97475,98780,104986,121436,1216.81,1350.97,1521.62,1541.99,1638.87,1895.66,0.1103,0.1263,0.0134,0.0628,0.1567
Wawa,"47.993056, -84.773611",https://www.wawa.cc,single-tier,municipality,Algoma,411.89,4145,3668,3204,2975,2905,2705,10.06,8.91,7.78,7.22,7.05,6.57,-0.1151,-0.1265,-0.0715,-0.0235,-0.0688
Welland,"42.983333, -79.233333",https://www.welland.ca,lower-tier,city,Niagara,81.16,52300,48402,50331,50631,52293,55750,644.41,596.38,620.15,623.84,644.32,686.91,-0.0745,0.0399,0.0060,0.0328,0.0661
Wellesley,"43.55, -80.716667",https://www.wellesley.ca,lower-tier,township,Waterloo,277.74,8664,9365,9789,10713,11260,11318,31.19,33.72,35.25,38.57,40.54,40.75,0.0809,0.0453,0.0944,0.0511,0.0052
Wellington North,"43.9, -80.57",https://www.wellington-north.com,lower-tier,township,Wellington,526.31,10869,11305,11175,11477,11914,12431,20.65,21.48,21.23,21.81,22.64,23.62,0.0401,-0.0115,0.0270,0.0381,0.0434
West Elgin,"42.583333, -81.666667",https://www.westelgin.net,lower-tier,municipality,Elgin,322.09,5573,5464,5349,5157,4995,5060,17.30,16.96,16.61,16.01,15.51,15.71,-0.0196,-0.0210,-0.0359,-0.0314,0.0130
West Grey,"44.183333, -80.816667",https://www.westgrey.com,lower-tier,municipality,Grey,875.21,11499,11741,12288,12286,12518,13131,13.14,13.42,14.04,14.04,14.30,15.00,0.0210,0.0466,-0.0002,0.0189,0.0490
West Lincoln,"43.066667, -79.566667",https://www.westlincoln.ca,lower-tier,township,Niagara,387.02,11513,12268,13167,13837,14500,15454,29.75,31.70,34.02,35.75,37.47,39.93,0.0656,0.0733,0.0509,0.0479,0.0658
West Nipissing,"46.366667, -79.916667",https://www.westnipissing.ca,single-tier,municipality,Nipissing,1956.27,13142,13967,13410,14149,14364,14583,6.72,7.14,6.85,7.23,7.34,7.45,0.0628,-0.0399,0.0551,0.0152,0.0152
West Perth,"43.47, -81.2",https://www.westperth.com,lower-tier,municipality,Perth,578.88,8907,9129,8839,8919,8865,9038,15.39,15.77,15.27,15.41,15.31,15.61,0.0249,-0.0318,0.0091,-0.0061,0.0195
Westport,"44.683333, -76.4",http://www.village.westport.on.ca,lower-tier,village,Leeds and Grenville,2.19,683,647,645,628,590,634,311.87,295.43,294.52,286.76,269.41,289.50,-0.0527,-0.0031,-0.0264,-0.0605,0.0746
Whitby,"43.883333, -78.941667",https://www.whitby.ca,lower-tier,town,Durham,146.69,73794,87413,111184,122022,128377,138501,503.06,595.90,757.95,831.84,875.16,944.17,0.1846,0.2719,0.0975,0.0521,0.0789
Whitchurch-Stouffville,"44.008611, -79.3175",https://www.townofws.ca,lower-tier,town,York,206.42,20485,22859,24390,37628,45837,49864,99.24,110.74,118.16,182.29,222.06,241.57,0.1159,0.0670,0.5428,0.2182,0.0879
White River,"48.583333, -85.283333",https://www.whiteriver.ca,single-tier,township,Algoma,95.55,1022,993,841,607,645,557,10.70,10.39,8.80,6.35,6.75,5.83,-0.0284,-0.1531,-0.2782,0.0626,-0.1364
Whitestone,"45.683333, -79.983333",https://www.whitestone.ca,single-tier,municipality,Parry Sound,923.70,802,853,1030,918,916,1075,0.87,0.92,1.12,0.99,0.99,1.16,0.0636,0.2075,-0.1087,-0.0022,0.1736
Whitewater,"45.716667, -76.833333",https://www.whitewaterregion.ca,lower-tier,township,Renfrew,535.48,6576,6520,6631,6921,7009,7225,12.28,12.18,12.38,12.92,13.09,13.49,-0.0085,0.0170,0.0437,0.0127,0.0308
Wilmot,"43.4, -80.65",https://www.wilmot.ca,lower-tier,township,Waterloo,263.81,13831,14866,17097,19223,20545,21429,52.43,56.35,64.81,72.87,77.88,81.23,0.0748,0.1501,0.1243,0.0688,0.0430
Windsor,"42.283333, -83",https://www.citywindsor.ca,single-tier,city,Essex,146.02,197694,208402,216473,210891,217188,229660,1353.88,1427.22,1482.49,1444.26,1487.39,1572.80,0.0542,0.0387,-0.0258,0.0299,0.0574
Wollaston,"44.956111, -77.833611",http://www.township.wollaston.on.ca,lower-tier,township,Hastings,215.87,719,679,730,708,670,721,3.33,3.15,3.38,3.28,3.10,3.34,-0.0556,0.0751,-0.0301,-0.0537,0.0761
Woodstock,"43.130556, -80.746667",https://www.cityofwoodstock.ca,lower-tier,city,Oxford,56.46,32253,33061,35822,37754,41098,46705,571.25,585.57,634.47,668.69,727.91,827.22,0.0251,0.0835,0.0539,0.0886,0.1364
Woolwich,"43.566667, -80.483333",https://www.woolwich.ca,lower-tier,township,Waterloo,326.56,17325,18201,19658,23145,25006,26999,53.05,55.74,60.20,70.88,76.57,82.68,0.0506,0.0801,0.1774,0.0804,0.0797
Zorra,"43.15, -80.95",https://www.zorra.ca,lower-tier,township,Oxford,529.19,8141,8052,8125,8058,8138,8628,15.38,15.22,15.35,15.23,15.38,16.30,-0.0109,0.0091,-0.0082,0.0099,0.0602